id,parent_segment_id,source_order,source_line,source_index_tex,target_line,target_index_tex,source_sha256,target_sha256,locale
FAOA-2015-CH01-TERM-OCC-0001,FAOA-2015-CH01-SEG-0004,1,23,conventions!vector spaces are complex or real,23,konvensi!ruang vektor kompleks atau real,3f03cb54bd16592aee9d6691b38caa400138f796818bbecf349cb9d49b287ed2,3acf67cab1e2ff5ef35398dad6f2911af88922a7e569f2b4c63c7b276ef31ab6,id-ID
FAOA-2015-CH01-TERM-OCC-0002,FAOA-2015-CH01-SEG-0004,2,24,C@$\C$!field of complex numbers,24,C@$\C$!medan bilangan kompleks,04543ba355fb85c0177f0655e2bcd3ac0512f8a1c8733af20cb84bae1215a68d,f94337fdbc6dbfef91ac8c103e05cb4bc98641d75026b762f9119c8d5c427a50,id-ID
FAOA-2015-CH01-TERM-OCC-0003,FAOA-2015-CH01-SEG-0004,3,25,R@$\R$!field of real numbers,25,R@$\R$!medan bilangan real,62b45b0858249f10ee64d057d99218382cad04795db765af5f0b69b283f656a1,369577570a5999b9f7f5fab9422dcd3f5b4fbcbe4eddb17396b27793a5085217,id-ID
FAOA-2015-CH01-TERM-OCC-0004,FAOA-2015-CH01-SEG-0004,4,28,K@$\K$ (field of real or complex numbers),28,K@$\K$ (medan bilangan real atau kompleks),9b91aeddb7b5235b7c46f016a2b0d21c0975ba89e5d7034f86d9b29dab1d4d89,e1a4d30a5ff252f88a1ed5862b49d7b5f35812d35ab62025e92cf88b5bf8c6f5,id-ID
FAOA-2015-CH01-TERM-OCC-0005,FAOA-2015-CH01-SEG-0004,5,30,scalar,30,skalar,da3a456ba70b340ad4038f5748ed4b17f832208abfec2d454ea1f9f4b6985ceb,3622b3ab0e90336551dc399525d9cbadb92de90abc5365dde96456c4f5c18ba4,id-ID
FAOA-2015-CH01-TERM-OCC-0006,FAOA-2015-CH01-SEG-0005,6,35,vector!space,35,vektor!ruang,f911f9ed06eae16dac842904651b3e9d7ab1969b0eba660d807eb7fb8c87a86e,1ed847eb61e9ac5f4754872253e97620d5eb8c73a319fbe7206afa87d7276332,id-ID
FAOA-2015-CH01-TERM-OCC-0007,FAOA-2015-CH01-SEG-0005,7,36,space!vector,36,ruang!vektor,3e8eacb201d223f80fb2d9977c6431470bd2dba5e6fe5cff2cc348a45aee149a,5b7dc8003d3e424dc718a420c502bb340ad41d05817f1518c7b632c8d327d162,id-ID
FAOA-2015-CH01-TERM-OCC-0008,FAOA-2015-CH01-SEG-0007,8,51,associative,51,asosiatif,f939fe14770fd598bcfdc06a0280b26ad48bae3ac1dace0c643c2cdd18fc66bf,bd47800a9710034ab25bae216340f59f195fc5ec48ac13a5acee14f788b7a0f5,id-ID
FAOA-2015-CH01-TERM-OCC-0009,FAOA-2015-CH01-SEG-0007,9,54,identity!additive,54,identitas!aditif,0360674c83c8531c1d019ba85f6314e6cdc569e7895c6f77413312e1e4c4cc98,f2392e9911cc47b17be99de1772efd9d84dcb1c49cfce965450491ed3480bf8d,id-ID
FAOA-2015-CH01-TERM-OCC-0010,FAOA-2015-CH01-SEG-0007,10,57,additive!inverses,57,aditif!invers,9967cf2ec6c14dd9840100a00fe96dd3d4a678323ba2c19e635aec7e6f7b3191,0b7318b273b62e22d7804d47aa2747218c3e0efce148c86c7f55626e898ad41e,id-ID
FAOA-2015-CH01-TERM-OCC-0011,FAOA-2015-CH01-SEG-0007,11,58,inverse!additive,58,invers!aditif,7703f04c012380cacaf454287f4785b53a8790c5047a57668797d690b72bd08d,e495bba13b536d2435694b6e6244c8259db3b2674e097101925fb1551984c359,id-ID
FAOA-2015-CH01-TERM-OCC-0012,FAOA-2015-CH01-SEG-0007,12,61,commutative,61,komutatif,aa41e2ec70ea6755eff6f1e2a8dcbeed178bbc243ad979a873d1d5f385b6929e,3dbe45a8d918e4d707f3ab4c6e342b8b741e50a4679bc25df7a23bd3fbf74492,id-ID
FAOA-2015-CH01-TERM-OCC-0013,FAOA-2015-CH01-SEG-0008,13,76,subspace!vector,76,subruang!vektor,7b97cc30a40b44a05876ba1574317a5c7fd0ed5a6bd3605218786887665d934d,d278d2087360092be826b320c23ba543bf3dd7a38d10854c6f66d70e98ac7f1a,id-ID
FAOA-2015-CH01-TERM-OCC-0014,FAOA-2015-CH01-SEG-0008,14,77,vector!subspace,77,vektor!subruang,2c66d372ae62a39f7fc3a2b2aba0ba9e45db48133fb6babbe7fdf39dcaead828,83cb419119532a7bbe3635022ca998a3d37fdeaf392b5bce38c6a10609d63f27,id-ID
FAOA-2015-CH01-TERM-OCC-0015,FAOA-2015-CH01-SEG-0010,15,88,linear!combination,88,linear!kombinasi,7b228803f7062d6c137cfe932a6d4a2031656e609a6db1265ec5116ff853c022,4bc08cbccc7040de06bb1b5adcdbf73d4257b4cc5a51e34be31ebce1db866aa0,id-ID
FAOA-2015-CH01-TERM-OCC-0016,FAOA-2015-CH01-SEG-0010,16,89,combination!linear,89,kombinasi!linear,58df06740c0d066e8599b7b373d2a58c2e98f74e188372a9920ef8469ebdea39,8d08be1f8ebd062adceec34e49dc6958c9b73e642e4199050c2291c747653575,id-ID
FAOA-2015-CH01-TERM-OCC-0017,FAOA-2015-CH01-SEG-0010,17,92,linear!combination!trivial,92,linear!kombinasi!trivial,86485d292d8868b597b2f180f60e5acfd90e7bf5ea8bd66b40053fb43eef37ae,f759b9cb72e727299e0de5bad5a3905a8a7247b538859810c6963c531fb45f3c,id-ID
FAOA-2015-CH01-TERM-OCC-0018,FAOA-2015-CH01-SEG-0010,18,93,trivial!linear combination,93,trivial!kombinasi linear,dbe94dc1bb475e94ed23c70a1ad77476395708236df6cadc9a3021754da09b88,1f54e9d7921c693f6047f5a2ce79f111cb3e235aeef06f3725e8ac347e936f75,id-ID
FAOA-2015-CH01-TERM-OCC-0019,FAOA-2015-CH01-SEG-0011,19,99,span,99,rentang,37a0025aa1f2e29f9f88f59f961e44a320849dfc79a85ef3c02654d50d2e7480,d8f387f85dce18e14caf455f09d8120f2b9c956dc1739b7f0c3cdb18d2cdf783,id-ID
FAOA-2015-CH01-TERM-OCC-0020,FAOA-2015-CH01-SEG-0011,20,101,span!linear,101,rentang!linear,bc60b64684df813acb0339db9cbaa33c7f5e7cba3fef4aacbd1caf9b2bb034f6,9c2745d8e0a18cd9d94b93290795b71622d0f69bfb238a6955a086453101dc52,id-ID
FAOA-2015-CH01-TERM-OCC-0021,FAOA-2015-CH01-SEG-0011,21,102,linear!span,102,linear!rentang,04f6906e0e77ef085f4f3ac84c9e5e62426b2be8db5fed401735842f5b766a58,9152939fb8a455173946dc2b06b65ee7a708060b2a36e268d95cbfbfa036fc84,id-ID
FAOA-2015-CH01-TERM-OCC-0022,FAOA-2015-CH01-SEG-0013,22,117,linear!dependence,117,linear!kebergantungan,3eb1124f871ca5ec08936ceb39f01b7cecd682ebd55e5ba55f1b96d0d0f0c757,92568906c7c5c3bee0a0ff7b183e640d3c55a8631599fc78a64bc6afb9afc9b6,id-ID
FAOA-2015-CH01-TERM-OCC-0023,FAOA-2015-CH01-SEG-0013,23,118,dependent,118,bergantung,75846e529667722d646a18ae052b393391cfe1ffe98c45f2952a63723938c003,02d24b26f8e8a68e20d5417339f59eba675342e77275cc5ba53d181d7cc7a712,id-ID
FAOA-2015-CH01-TERM-OCC-0024,FAOA-2015-CH01-SEG-0013,24,123,linear!independence,123,linear!kebebasan,4bb4975b4c05ed17a4684f5f3042681b35ee59a43a3dab5b404fa62378eaf02d,8f0b89aa47529e8669705916d85d957738739374c5a28bc60e9aabae8465a4e9,id-ID
FAOA-2015-CH01-TERM-OCC-0025,FAOA-2015-CH01-SEG-0013,25,124,independent,124,bebas,0275fca08c216c77b2a122787b6491a6796ab293e4097e5d62162c0ed4910f08,f23eba166ab323f5f390910cc70d7e13488aedcd323b019384131e5d5211a594,id-ID
FAOA-2015-CH01-TERM-OCC-0026,FAOA-2015-CH01-SEG-0015,26,135,basis!Hamel,135,basis!Hamel,d30d05e72f815ace171c9d5ddf57b194519e7ac5067ac664a50054a78ab600a0,d30d05e72f815ace171c9d5ddf57b194519e7ac5067ac664a50054a78ab600a0,id-ID
FAOA-2015-CH01-TERM-OCC-0027,FAOA-2015-CH01-SEG-0015,27,136,Hamel basis,136,Hamel!basis,28461cdff55e688c4471f4f8ba24b518cc7c9e6cbc64b6304f164f70aac1e04c,adccd8543e134777aa116230f444ddf360d3a71a0d4d5787f880a1b5ed8c5a01,id-ID
FAOA-2015-CH01-TERM-OCC-0028,FAOA-2015-CH01-SEG-0016,28,141,convention!basis for the zero vector space,141,konvensi!basis untuk ruang vektor nol,9d31655e6dd556e4f609708c9ac0eef6096372ff03bbe4c218263017a165913b,31e027b93740a8ab9f50c0f0e46b1eb7836db256b223553f53eab71fb470399d,id-ID
FAOA-2015-CH01-TERM-OCC-0029,FAOA-2015-CH01-SEG-0016,29,142,vector!space!trivial (or zero),142,vektor!ruang!trivial (atau nol),094e3254396b83ad185054ceae0bd71f275456da49132df389e3b191b930b282,1676e7d81fb8e7f56fbc5e8da815e4cc89989e852209fd1be027dac8422ffc09,id-ID
FAOA-2015-CH01-TERM-OCC-0030,FAOA-2015-CH01-SEG-0016,30,143,trivial!vector space,143,trivial!ruang vektor,868eb7778b815adfce2fcd62f1e712ce1aa3d31e7ee89cccd2b2fc017bbfd25d,7ca5d2a4ff08637687e6a7a3e35f09864e64d81274dc5804bb468d8db032a496,id-ID
FAOA-2015-CH01-TERM-OCC-0031,FAOA-2015-CH01-SEG-0016,31,145,zero!vector space,145,nol!ruang vektor,85c55277f882798b99e55a813036b87d43d5cfa9171fd9964258a6c640ddd6fe,634938a14612a92aff4e5e1590a765235676caf8b3d5a03bde47e73b083e2768,id-ID
FAOA-2015-CH01-TERM-OCC-0032,FAOA-2015-CH01-SEG-0023,32,181,internal!direct sum!in vector spaces,181,internal!jumlah langsung!dalam ruang vektor,f5289feb80e346d09525dff06659352c7e6f10a1a45a33fe2a8224d17d466943,3e0dc678c53985dd9c023043f0b13c9be062b32dea58710117194d295967de82,id-ID
FAOA-2015-CH01-TERM-OCC-0033,FAOA-2015-CH01-SEG-0023,33,182,direct!sum!internal,182,langsung!jumlah!internal,7543cabcee72c33241518673145b701a3187cc09f5f0a4072668b6532fa03f98,37db5cbfa65a3c5cca04c83bd9f3404c02997a35734e740fd5ba820919b848e9,id-ID
FAOA-2015-CH01-TERM-OCC-0034,FAOA-2015-CH01-SEG-0023,34,183,direct!sum!of vector spaces,183,langsung!jumlah!ruang vektor,2492cdff899390b0ddf6814703545e36dd820c66e2c2c39a769463daeafe18ee,eed1669aed8b12e92ef0bf892a48c87714dddcaa9d82bd8f06cd2b8cad5fa901,id-ID
FAOA-2015-CH01-TERM-OCC-0035,FAOA-2015-CH01-SEG-0023,35,184,<binopdirectsum@$\oplus$ (vector space direct sum),184,<binopdirectsum@$\oplus$ (jumlah langsung ruang vektor),8fa9e9435ba89e207f30fd9d43ae0cfdde5804980aa90dd762621057e1f465eb,6575f963d7c52057195b7f10dedeb62509cce4ea0e21c9489f1ee595d8fd940f,id-ID
FAOA-2015-CH01-TERM-OCC-0036,FAOA-2015-CH01-SEG-0023,36,188,complement!of a vector subspace,188,komplemen!subruang vektor,b06f2d05d39dec31870983e83dd12077ef0f1c2accc1485c2f4ac6936d7d568c,dfc9a7e8de7f7db5f039ecde9ed30c80f60d3db271a16d15b133f3bfe7cd1abd,id-ID
FAOA-2015-CH01-TERM-OCC-0037,FAOA-2015-CH01-SEG-0023,37,189,vector!space!complement,189,vektor!ruang!komplemen,fb99738a256595084a41fa9adb599d9ededaf332f7359800b41a882dcdbb41a6,90ea7842d2d2d7b57d7e1f495ab5459b1c89a308fd540a75952ae2dd4f3eef68,id-ID
FAOA-2015-CH01-TERM-OCC-0038,FAOA-2015-CH01-SEG-0023,38,192,codimension,192,kodimensi,9403d59c4c698353bca7c05a32170893e07343fad7a8f264f0288c23fa9978c8,f9730f997fbb9021b7909804b0fce8a94ace88533c098b507f86d118e75b8c2d,id-ID
FAOA-2015-CH01-TERM-OCC-0039,FAOA-2015-CH01-SEG-0031,39,232,finite dimensional,235,berdimensi hingga,cf7ce77d3de1cf860fcccf1a5537d519a7056693c3305a0ce2cd68da2d710209,deb3f0b51a4b0c5fdc2cc88a739ef395e642fc94ce225bd4b95bc899db9f1969,id-ID
FAOA-2015-CH01-TERM-OCC-0040,FAOA-2015-CH01-SEG-0031,40,234,dimension!of a vector space,237,dimensi!ruang vektor,789373d2cae8b741398aec7e891a19890beb699a01041537b24b6bd683bed058,7d8a31a9f4a079b6a39f670048449acd1e42cf50b5a209d9822c8763c5dc9b8c,id-ID
FAOA-2015-CH01-TERM-OCC-0041,FAOA-2015-CH01-SEG-0031,41,235,vector!space!dimension of a,238,vektor!ruang!dimensi,8203fbd5b3307d6506a3ec479e22899520e8bbc670c295377dbeee4f4ecd1711,e750dbae015ce73a90b92f188d8f574a0b85cdf7750511c9cbf61e04f9aa9719,id-ID
FAOA-2015-CH01-TERM-OCC-0042,FAOA-2015-CH01-SEG-0031,42,236,dim@$\dim V$ (dimension of a vector space $V$),239,dim@$\dim V$ (dimensi ruang vektor $V$),55ea7440895119c05ce80fbec968d6695f4fb6ed4e31560c5ed6e7be1a44e228,0abc927dfc8121806b9cd8d90b2d30f7521a7b93d89d4de0498c3789f4194f68,id-ID
FAOA-2015-CH01-TERM-OCC-0043,FAOA-2015-CH01-SEG-0031,43,241,infinite dimensional,244,berdimensi tak hingga,6b6d15787a3f62c82bc301c664c5b45c8e2a16e962581be1844de0518da8675c,c07c5e705869681d12afe29c13f32c8d2a33540371249ef2adfe23099639e7ec,id-ID
FAOA-2015-CH01-TERM-OCC-0044,FAOA-2015-CH01-SEG-0032,44,246,linear!map,249,linear!pemetaan,a401590b761f5350c3f43d12f8394680d02272180032de0cf788b7988273fb0e,f8fca8ae47f585f934e77f1ef2a32a3ff2f139b3823d5b0fb990abf1f52066f4,id-ID
FAOA-2015-CH01-TERM-OCC-0045,FAOA-2015-CH01-SEG-0032,45,250,operator!on a vector space,253,operator!pada ruang vektor,f305e2809d3c76f30db1dca4ffcb8c19c8bffa421d13efcabcb2bcc5867fdb64,bb99b7b0cd312df7ecdc4a4286803d0e9433996644fa2246ceb7d5fa396fdd16,id-ID
FAOA-2015-CH01-TERM-OCC-0046,FAOA-2015-CH01-SEG-0032,46,252,identity@$\id V$ or $I_V$ or $I$ (identity operator),255,identitas@$\id V$ atau $I_V$ atau $I$ (operator identitas),e27a7f6645d9e8f5442c213a8b3f5b37411773ef6945e4446039b46a876b3708,fa63c3267a9015d4c9703199d18317ecbf435a3b0f487841a0f724fbb7b0c1ac,id-ID
FAOA-2015-CH01-TERM-OCC-0047,FAOA-2015-CH01-SEG-0032,47,254,kernel!of a linear map,257,kernel!pemetaan linear,23dc76cd48266b4d158edf1e31e22fd143bc8cea52e3e178e72ac92e4d88195f,389ff3cb24535ce3f35aeddd72f17cc3b90a3922cf2698954741199588494df5,id-ID
FAOA-2015-CH01-TERM-OCC-0048,FAOA-2015-CH01-SEG-0032,48,255,<ker@$\ker T$ (kernel of~$T$),258,<ker@$\ker T$ (kernel dari~$T$),1bde5baa876f324240c2cd6ef7d427492a5a3876821d2cc605f2f36d2e63ffa6,6f117b1e27680f39c4b8ae79aab160f62116580f7482cc1802b53932e7798bd5,id-ID
FAOA-2015-CH01-TERM-OCC-0049,FAOA-2015-CH01-SEG-0032,49,258,range!of a linear map,261,jangkauan!pemetaan linear,911406d8d88f0c5e58570090adfebca0ee5774c9af5ac8bcf6cef99f14ec0a0e,62b5119a681c192fa0d727ab6d3cd1f0ea4889db0532ee623b2f71ae2df3ba38,id-ID
FAOA-2015-CH01-TERM-OCC-0050,FAOA-2015-CH01-SEG-0032,50,259,<ran@$\ran T$ (range of~$T$),262,<ran@$\ran T$ (jangkauan dari~$T$),3fe18f8bc0f72d5620ff709cfa5b3415edd38f130ab5840a5bed313278607089,c0223a870414b47e5882e3c17bd351f0149aae7e3348fbe66e45231e76295415,id-ID
FAOA-2015-CH01-TERM-OCC-0051,FAOA-2015-CH01-SEG-0038,51,282,rank,285,peringkat,5a8460f6b1bf96a87116e44e3dc74ef825d068d893516128e0fcbe4e646bc06d,21d508f7381c88a6903dd20354743fc2e61b11b47bd367c583bbd2b8cde717fa,id-ID
FAOA-2015-CH01-TERM-OCC-0052,FAOA-2015-CH01-SEG-0038,52,284,nullity,286,nulitas,5112fb6e23e552e31616d3222750c8665dc5aa51236ee26b6de76248d1676459,a171da07a1ccce9746a2c85e5f8c9860f5a7cbd796489dc0a692dd817fc8b58e,id-ID
FAOA-2015-CH01-TERM-OCC-0053,FAOA-2015-CH01-SEG-0040,53,293,invertible!linear map,295,invertibel!pemetaan linear,8e57796e2b976596d3fe7568e23288e52777589cb4b20d7f20d9fcfb3b707953,b94fe78e7dce91b5c8dc110a6f9b2a2c2916f95a8694c353e835c621b3fb015d,id-ID
FAOA-2015-CH01-TERM-OCC-0054,FAOA-2015-CH01-SEG-0040,54,295,isomorphism!of vector spaces,297,isomorfisme!ruang vektor,b0f34d73e2a0c5cb65078266ea8d7fa5469eb2d1ffac3cd7dd13efc7b0691a72,1c5c23da652165658281f23447da0db25151a5345d73ca566b9c68cf815d0e1d,id-ID
FAOA-2015-CH01-TERM-OCC-0055,FAOA-2015-CH01-SEG-0040,55,298,isomorphic!vectorspaces,300,isomorfik!ruang vektor,b9f3bea9af2ccb3db1e83dee102cb139534d1428e6d9920fbd1301fcf245e6d6,1964dfaec668829170c1722250ca21ebcb89c71dec496b6e3a17ac3529b2bdf6,id-ID
FAOA-2015-CH01-TERM-OCC-0056,FAOA-2015-CH01-SEG-0044,56,319,similar!operators,321,serupa!operator,90dfd73098fa93f20400f91ffc06e780eba66f76e82efb97f2a5eda66a6768fe,54a0fe14691bd50d5930e9db7a0c45c49566a99cb8cefd64c9d512ed70c844f6,id-ID
FAOA-2015-CH01-TERM-OCC-0057,FAOA-2015-CH01-SEG-0046,57,330,matrix!representation,332,matriks!representasi,74cd2d42d80d04723abe871dd23b4497ecb070102ed6b208eb92f5c3e9842acb,c22712345e359706e6b7003d2ba502bbe632517f2d0e8967b828ded31b6da7e7,id-ID
FAOA-2015-CH01-TERM-OCC-0058,FAOA-2015-CH01-SEG-0046,58,331,representation!matrix,333,representasi!matriks,e911480519d77b64723db2f51ff86b51a935a96c6fe3443ad800d9bd1781b88b,42ac52864a7675125ba38dae88b272f3eb8a811999227522656403a1bfcf38c2,id-ID
FAOA-2015-CH01-TERM-OCC-0059,FAOA-2015-CH01-SEG-0047,59,341,diagonal!operator,343,diagonal!operator,f58de88fad4ee49a7e24df31f4b0ff0c45aa3ef4417ba75006ff13546c14b4e8,f58de88fad4ee49a7e24df31f4b0ff0c45aa3ef4417ba75006ff13546c14b4e8,id-ID
FAOA-2015-CH01-TERM-OCC-0060,FAOA-2015-CH01-SEG-0047,60,342,operator!diagonal,344,operator!diagonal,77cdd71ce83344d5711ad4dcfd1b20e3d33c36d6ac579a6492751665cd7a14d3,77cdd71ce83344d5711ad4dcfd1b20e3d33c36d6ac579a6492751665cd7a14d3,id-ID
FAOA-2015-CH01-TERM-OCC-0061,FAOA-2015-CH01-SEG-0049,61,356,diagonalizable!operator,358,dapat didiagonalkan!operator,0c17bbbcffdf1076a498fbc7fbaaf1689035335f971568777aefcff109b341f1,81c78b634cc8cffaf12d0b83e07cd0eea51b522694be62b105de20dfd8a1057d,id-ID
FAOA-2015-CH01-TERM-OCC-0062,FAOA-2015-CH01-SEG-0049,62,357,operator!diagonalizable,359,operator!dapat didiagonalkan,fae142e9c372945485dc5631469e1c94ff854af3515a58fde774e7aa4ce10e4a,bc8499b045dec3517655344a032c7d08cf330c9ec985dab0d18816b114bbd89e,id-ID
FAOA-2015-CH01-TERM-OCC-0063,FAOA-2015-CH01-SEG-0050,63,367,projection!in a vector space,369,proyeksi!dalam ruang vektor,18cfa107bf4d1279ac1778ffda732797c969c5c7ccc5fa13060705c7909b045d,9fd560f0a2174d41c584a34d4f967254c9aba4e78b915e8caebf2facb4efc244,id-ID
FAOA-2015-CH01-TERM-OCC-0064,FAOA-2015-CH01-SEG-0050,64,368,E@$\sbsb E{MN}$ (projection along $M$ onto $N$),370,E@$\sbsb E{MN}$ (proyeksi sepanjang $M$ ke $N$),6755e08a4f62b5b007df238e8d4cc8146da0d3b04d7fa474bb64428869b904f8,17665ecd246ca09cdb6522f4a9b672747c61d9518fa9c5850ed6d42d3f989825,id-ID
FAOA-2015-CH01-TERM-OCC-0065,FAOA-2015-CH01-SEG-0051,65,377,idempotent,379,idempoten,0c86aca05c3a4730a1129a4b619d7826bd08d86c9fabfba73d8235a6f25c51f8,9d87309e99ffb7f3734da8383a6cef1e373160d23ac7a559a512a76064119f0e,id-ID
FAOA-2015-CH01-TERM-OCC-0066,FAOA-2015-CH01-SEG-0057,66,442,resolution of the identity!in vector spaces,440,resolusi identitas!dalam ruang vektor,c3309ebd922ae448554286288865ff1cfaf58a5666fb8e392416118fecc71b91,7173d47a5c6dddb789931e5fef8f120082c290b99d456ee0f70a7c79033e3a39,id-ID
FAOA-2015-CH01-TERM-OCC-0067,FAOA-2015-CH01-SEG-0060,67,466,eigenvalue,464,nilai eigen,bcd7a5659ef83a20f8966e914bdf17734aeb53a00a16dd7453172decc1bdead8,4c2e3d1b0ccfef209417b1ad3b06993c18b3f4bc5ffc19b88f3dc0f8bfb407a3,id-ID
FAOA-2015-CH01-TERM-OCC-0068,FAOA-2015-CH01-SEG-0060,68,469,eigenvector,467,vektor eigen,c0ba48a52e95959bfcdb825b08d34416c664591404ff3106e5fbced8138ba1de,eea8673b5c737f20cf6617cd8c478855d5f1767497d1205c640ae1596e0c34f2,id-ID
FAOA-2015-CH01-TERM-OCC-0069,FAOA-2015-CH01-SEG-0060,69,471,eigenspace,469,ruang eigen,382e3950c534e6556b01f618317d43d4b066485926560921f6c666825a76685e,b49848744d0a1af4beea1dfbd9bec4692f80785b6ff493d2de344545db92fd7a,id-ID
FAOA-2015-CH01-TERM-OCC-0070,FAOA-2015-CH01-SEG-0060,70,474,point spectrum,472,spektrum titik,701fc4cd567419c83e8d521c1471c01d2936b1e4e4d3b62de9612c780b406101,52250b7f9d0303aaf07c298ec13b88b1f084c0306a1b100a62473fe419c7563d,id-ID
FAOA-2015-CH01-TERM-OCC-0071,FAOA-2015-CH01-SEG-0060,71,475,spectrum!point,473,spektrum!titik,895c5c21174fac3c204a9a2f7f4e9b386db7504e3b752f0a2d8eb068cff4a580,09d300102225b355c6df0f9987ca9874622e4d59e7456efaa3b8e234d372ae26,id-ID
FAOA-2015-CH01-TERM-OCC-0072,FAOA-2015-CH01-SEG-0068,72,521,spectral!theorem!for diagonalizable operators on vector spaces,521,spektral!teorema!operator yang dapat didiagonalkan pada ruang vektor,dc06dc8061b00411163ce1abd23c94d64a7b9f3263d8922c96dc6d426ac5323c,7275936016dbfa4ab596d11b66f9e6001d6d8c0e7b83bc6f0e1bf4c247b43a6b,id-ID
FAOA-2015-CH01-TERM-OCC-0073,FAOA-2015-CH01-SEG-0072,73,587,nilpotent,590,nilpoten,d97bd94aa36b1d1ca11395f0689a1f142bd35417d9b2c79e65234be2a4ffd122,7e07d24aaa9b64af26003064a1c983a5057fdf947e6ad671641193e8a34df333,id-ID
FAOA-2015-CH01-TERM-OCC-0074,FAOA-2015-CH01-SEG-0076,74,613,diagonalizable!part,616,dapat didiagonalkan!bagian,7d7d3f14b4141adc8041a13eb94417f163f5627cf8e62d58a1404a105672b215,d3a5691eff6460222733faf1577107de238d5c74505656397625e32f5113b12a,id-ID
FAOA-2015-CH01-TERM-OCC-0075,FAOA-2015-CH01-SEG-0076,75,614,part!diagonalizable,617,bagian!dapat didiagonalkan,1662b2a47e7126c96dea2ca34d30448ab5f1d8480fd3474ab895d3de5c2c652a,66d3acb288bdc9a636a55060fe6c85bc636db5db9a87232700a5180e6f31b459,id-ID
FAOA-2015-CH01-TERM-OCC-0076,FAOA-2015-CH01-SEG-0076,76,616,nilpotent!part,619,nilpoten!bagian,a9620ecdfe3f75108f31b1b63cb37a071ccf59074517c092afb50fee968aabe9,7e1973f8e8b228f0f4f513d18df8b68f73d2aba41fb13bb427e44169279df4e5,id-ID
FAOA-2015-CH01-TERM-OCC-0077,FAOA-2015-CH01-SEG-0076,77,617,part!nilpotent,620,bagian!nilpoten,8b1045e32596f43f82d46b108390d3eb3739ca6bc3ff53b4888d45b3123baf5d,23d4f9890fbb44327be4ebb1f1590aeb724ea26a094ddd90f52b763bfc15e0dd,id-ID
FAOA-2015-CH01-TERM-OCC-0078,FAOA-2015-CH01-SEG-0079,78,654,"s@$s(x,y)$ (semi-inner product)",643,"s@$s(x,y)$ (hasil kali dalam semu)",e4209060cdb9a3ef784665e315da358e7f467e1c6dc514f4e07902f683751310,1a26443bfc0acb23e197c59b649c832a2372e0645714c2705c9286ebc3b2a8d0,id-ID
FAOA-2015-CH01-TERM-OCC-0079,FAOA-2015-CH01-SEG-0079,79,655,"<s@$s(x,y)$ (semi-inner product)",644,"<s@$s(x,y)$ (hasil kali dalam semu)",40c94292b0c41797b70ad673f72409945f41ff9497abe5af6201bc4592c11098,6d880aaf04f05652bfc6084f4cdf65a3b15f0adae2a40e15a4af553991bcd807,id-ID
FAOA-2015-CH01-TERM-OCC-0080,FAOA-2015-CH01-SEG-0079,80,657,semi-inner product,646,hasil kali dalam semu,0132cbe123746cb883e36c00aad77ec8f19c443198c3af73372594ecd71cb806,7109c9d8fde48ba3cb6d762ef7835604e59723f3aebcf062c2d6d68274aa5a8b,id-ID
FAOA-2015-CH01-TERM-OCC-0081,FAOA-2015-CH01-SEG-0079,81,658,semi-inner product!space,647,hasil kali dalam semu!ruang,3472d0febe8927c0229a5a37cc7c4762362d3b6e186c56b41a0d774a6a2fc453,cf57b764cc587358ba1c7608babd41e6c30bea1e481dfa8431bd66787512af79,id-ID
FAOA-2015-CH01-TERM-OCC-0082,FAOA-2015-CH01-SEG-0079,82,659,product!semi-inner,648,hasil kali!dalam semu,57c66458665192e526d8a812c32e51d3ac5334ed725a51d3c14d8cc1c3a2f4c3,37203e4e1f32624dd5ac37042bf87330c2003e57ad69e2eb29cc47938adc7549,id-ID
FAOA-2015-CH01-TERM-OCC-0083,FAOA-2015-CH01-SEG-0079,83,660,space!semi-inner product,649,ruang!hasil kali dalam semu,65cf53fd876d659ee9594ef2504b8f9067caf03c62dc53260c740823144e8610,826aab1eaf4e02e969ee2c498cafcb868e678fdff80f16818a0cb97649b4d059,id-ID
FAOA-2015-CH01-TERM-OCC-0084,FAOA-2015-CH01-SEG-0079,84,673,inner product,662,hasil kali dalam,9502d75fc16d3a70d493a775ef85174cbd7f658b6f67f1afb749ccb3fc35f18f,cbff16b3118aed1f39dfc1d19cc7b5335826740b13a7ef1f6e3111e41bf4f569,id-ID
FAOA-2015-CH01-TERM-OCC-0085,FAOA-2015-CH01-SEG-0079,85,674,inner product!space,663,hasil kali dalam!ruang,ee647c920c27688196ec9520a609998f21f93ce47563d0df202e82b2980bd8b7,be5c2402d68d42162f2a589f8798b48c7513beaaabc8cee907c11b00c96fb27e,id-ID
FAOA-2015-CH01-TERM-OCC-0086,FAOA-2015-CH01-SEG-0079,86,675,product!inner,664,hasil kali!dalam,0eb9035ab291f5fdadddfe8a69a3eab07147ac3ca8663ba62b9a4d504dccf919,7279ef9cc1340ccbcf5c3a483b7640877b1a4b9eb6b9becd4b9416e08881765d,id-ID
FAOA-2015-CH01-TERM-OCC-0087,FAOA-2015-CH01-SEG-0079,87,676,space!inner product,665,ruang!hasil kali dalam,6406d1de3ee43f84c37c66a480347edc37d77fc80fa92f82b746d42a24dea36a,b12a9594cba66e4d3757c14e8524bdcbed28289b7f4d6a628ec172bb6359c3c4,id-ID
FAOA-2015-CH01-TERM-OCC-0088,FAOA-2015-CH01-SEG-0079,88,678,"<bracpnt@$\langle x,y \rangle$ (inner product)",667,"<bracpnt@$\langle x,y \rangle$ (hasil kali dalam)",1ce9a908a8d7b47aec6e1b0cb153a5dcb4be996c35d76412cacf0f4b5fca93b6,a7c6eff3fde05e3f38523133fd1846c6f0fd8fdb2307f127b1ad1a2d108001e2,id-ID
FAOA-2015-CH01-TERM-OCC-0089,FAOA-2015-CH01-SEG-0079,89,684,conjugate!linear,673,konjugat!linear,508e75a7d24c546f88f8d5b18de4333a6cd2a4ac7b70ed70a02ea27c8317230f,4d93f978bd8212faeb070e3f74c3b11ae9d157a63f63a1051426502feeb7378b,id-ID
FAOA-2015-CH01-TERM-OCC-0090,FAOA-2015-CH01-SEG-0079,90,685,linear!conjugate,674,linear!konjugat,600368fd07e838f10406225d7887b6a9a786b4c8df577c62eb8d2b042d7a21c0,43abcadd2504f595ba4ac60e6019b4743574443d6a07ef869257068572f1d2dd,id-ID
FAOA-2015-CH01-TERM-OCC-0091,FAOA-2015-CH01-SEG-0079,91,688,sesquilinear,677,seskuilinear,618951ef324366ef97f2b32dc721ac47274ff11af289836dd307ca3af478d26e,ee5bc68136fea30177758e2fb7328af856795942d11ad970f2ee917c99465e94,id-ID
FAOA-2015-CH01-TERM-OCC-0092,FAOA-2015-CH01-SEG-0079,92,689,linear!sesqui-,678,linear!seskuilinear,f76cffebf68a05cc04b353569fd430138b62c01cfdddc12c59fccd636110f5d4,970ca4996030bef9907deb3a6f9590ad649f11d2f9df7276314e3590686f499e,id-ID
FAOA-2015-CH01-TERM-OCC-0093,FAOA-2015-CH01-SEG-0082,93,714,K@$\K^n$!as an inner product space,703,K@$\K^n$!sebagai ruang hasil kali dalam,2568c9bdf139865bdcf10089e5cc949c4902ba1449a6eed77239ecb63c27a84d,18a3c5c4c2863407d65f9fc787e3ba9d7e5e9356e5f17327484e9b6e8ecdab9e,id-ID
FAOA-2015-CH01-TERM-OCC-0094,FAOA-2015-CH01-SEG-0082,94,715,inner product!space!$\K^n$ as a,704,hasil kali dalam!ruang!$\K^n$ sebagai,8adab3960400b04078a1f0d727cba2359d2193129194cf8c8075228ca5f6480c,d43ce75e32fa6ae2167aeb319bb0b81f1c3aed56dfae33d97a4e8834380b8ef8,id-ID
FAOA-2015-CH01-TERM-OCC-0095,FAOA-2015-CH01-SEG-0083,95,721,square summable,710,terjumlah secara kuadrat,16b1afdf38d6261db2a45a791f33cc160eaa1885a2ad8d792f763e7f52b7ec8d,0007d45f7e7dd461fb5579751682b62d9746d401f142338ec22c9aa471857722,id-ID
FAOA-2015-CH01-TERM-OCC-0096,FAOA-2015-CH01-SEG-0083,96,722,summable!square,711,dapat dijumlahkan!kuadrat,4bac50e84952f715e9e85290446ecc525ac60a0e1bdab13a2d352b7b2585dfd1,e662ef496809cdab66003c2700c1f9d86246a1f0bfd5117b460a6129a4a1b7e1,id-ID
FAOA-2015-CH01-TERM-OCC-0097,FAOA-2015-CH01-SEG-0083,97,723,l@$l_2 = l_2(\N)$!square summable sequences,712,l@$l_2 = l_2(\N)$!barisan terjumlah secara kuadrat,94d1ccec6ab156fe16dfaeb0a08a761057a27e4c83c35baf11e000b01fa8eb22,1e0eb890fb05eeb37898004b6e096d3e44c1704a1d2214acd0c076fca70ffae1,id-ID
FAOA-2015-CH01-TERM-OCC-0098,FAOA-2015-CH01-SEG-0083,98,724,l@$l_2 = l_2(\N)$!as an inner product space,713,l@$l_2 = l_2(\N)$!sebagai ruang hasil kali dalam,ddf21a03ccf875f01e54d5a71d316ce8e5fcfce017937517171465ab9b1ac22d,1875bec5f56bf29bea86034a8e2a501ccb234be5f7b3029e78f892525c4996c1,id-ID
FAOA-2015-CH01-TERM-OCC-0099,FAOA-2015-CH01-SEG-0083,99,725,inner product!space!$l_2$ as a,714,hasil kali dalam!ruang!$l_2$ sebagai,9b349f84f9dab2c22c8ae817d84fd05d99b2b2f3fb537c6681fd4d550d44e5c6,2a99aba5efdc238a3f47b71c972acf13e9c7eda217945a645d54a55a39353b4a,id-ID
FAOA-2015-CH01-TERM-OCC-0100,FAOA-2015-CH01-SEG-0083,100,731,l@$l_2(\Z)$!square summable bilateral sequences,720,l@$l_2(\Z)$!barisan dua sisi terjumlah secara kuadrat,9596df70c4b6ae2c8344d901426feba61c6c417910e2331f05603940635d6bc6,00274b330806b3370e5dc719a74add2750a538a8eeac7bd2c002d60138c78dcb,id-ID
FAOA-2015-CH01-TERM-OCC-0101,FAOA-2015-CH01-SEG-0083,101,732,l@$l_2(\Z)$!as an inner product space,721,l@$l_2(\Z)$!sebagai ruang hasil kali dalam,fa213379a01c16cbeaf5394e6ad1dbcd6810bb551d8ad20d0e0cae4e195508e5,6ab3431e46d2a2a6825516c5d2a610c950917c67715d5f5b899a5011be3ae515,id-ID
FAOA-2015-CH01-TERM-OCC-0102,FAOA-2015-CH01-SEG-0083,102,733,inner product!space!$l_2(\Z)$ as a,722,hasil kali dalam!ruang!$l_2(\Z)$ sebagai,9d1f79793e35ebfe923728b4b2898fbab1f4fd3d157635652c269e42b1500013,245d0cfd9d3fe82bbb8716e965acb48dae7f963ce59d7623f007a454d3e2a878,id-ID
FAOA-2015-CH01-TERM-OCC-0103,FAOA-2015-CH01-SEG-0084,103,738,"C@$\fml C([a,b])$!as an inner product space",727,"C@$\fml C([a,b])$!sebagai ruang hasil kali dalam",3a1d801410bb855f2128d114f2d8c64ff8fdcc5f56a1f690dd5ad1d3c315671d,f92ddd3d5e287a9aca3cec9a63db63d52edbf0992480cd3e46abb5b5a5c4a5e8,id-ID
FAOA-2015-CH01-TERM-OCC-0104,FAOA-2015-CH01-SEG-0084,104,739,"inner product!space!$\fml C([a,b])$ as a",728,"hasil kali dalam!ruang!$\fml C([a,b])$ sebagai",c1b978a21dacf60b8359c0581c2f05f26536d39d4bf97389792a2edaad88504c,38cfbb915e1cc79ecd87c37cda608df8820f4664f2067a0e01f4acdd9295bd2b,id-ID
FAOA-2015-CH01-TERM-OCC-0105,FAOA-2015-CH01-SEG-0086,105,749,Schwarz inequality,738,ketaksamaan Schwarz,7766c02402d1af379a4a2ea792cbec9c73ee9c2b7416d986b832d29f23f5cb61,a5e003dfa0dc1bd700cafa60866e82a756a2bc56d19d122f71c603885410e087,id-ID
FAOA-2015-CH01-TERM-OCC-0106,FAOA-2015-CH01-SEG-0086,106,750,inequality!Schwarz,739,ketaksamaan!Schwarz,c64bcbdb042bc8cb887a86382624d87f00f07c2cc21f4f28c46ce6b8be405167,fb4bb80176a3b07df25247cf7e11c9a29a5b47c521ceaa6f6a591f747d9a6999,id-ID
FAOA-2015-CH01-TERM-OCC-0107,FAOA-2015-CH01-SEG-0095,107,813,<unopn@$\norm x$ (norm of a vector~$x$),803,<unopn@$\norm x$ (norma suatu vektor~$x$),a1e5712bee75945072b1b36f65f91a9d548b83731a973b13cb053fd5c0621655,f0db047040a640ed67952bd1a9cbabb4f56b468588d69512909c761cb2cd1477,id-ID
FAOA-2015-CH01-TERM-OCC-0108,FAOA-2015-CH01-SEG-0095,108,815,norm,805,norma,733859c1fc6b9331793b2952dde66f89cdd4d513d04d59d7b07bd3912098e79b,f815dff6b32cc63312d731737aa5249f71072a9ac404ac3fe4109cac30dbd1ed,id-ID
FAOA-2015-CH01-TERM-OCC-0109,FAOA-2015-CH01-SEG-0095,109,824,length,814,panjang,0f82aca66af91493b1ff401de5f1f7e3e24e14560df3f6f7e465dbc915b9947d,434cdd462cd42c32ba541be59cac9db44753682c1d25104fcd0c8ea86ddfbf87,id-ID
FAOA-2015-CH01-TERM-OCC-0110,FAOA-2015-CH01-SEG-0095,110,827,seminorm,817,seminorma,e112792c765c1e73b6cfbbd86597a8db45c7a28df05c76c2a67ec1334c486226,8bf0106ddfdae10a0fa1775e02c3c0e048bf2065f714e10e7d108ca63cb11742,id-ID
FAOA-2015-CH01-TERM-OCC-0111,FAOA-2015-CH01-SEG-0095,111,831,normed!linear space,821,bernorma!ruang linear,1e65f76dafb6568099f493118637acf53d2ed1544e0605a5eaac02db717ed53d,391bb4a5b8c77daa97d90d92725a7c6d2f10a4f0b8995674efc0ee6f7aa9436e,id-ID
FAOA-2015-CH01-TERM-OCC-0112,FAOA-2015-CH01-SEG-0095,112,832,normed!vector space|seeonly{normed linear space},822,bernorma!ruang vektor|seeonly{ruang linear bernorma},721de40171d628f779f7703b77d2774c3c75a7c6dd233a07bda95606c798eacc,9ede5da430d91230a73daeab596b686285e831e4ca09a24af1e6b5f5a01702f3,id-ID
FAOA-2015-CH01-TERM-OCC-0113,FAOA-2015-CH01-SEG-0095,113,833,space!normed linear,823,ruang!linear bernorma,f90b27cef0ca4575b957c89fbd335f0d83eee45bffcda7c0965967bff1ee2f03,73db9bf73eed6d20078d82927d0e0aa0bb2acbc595b7a085974f60cba623752a,id-ID
FAOA-2015-CH01-TERM-OCC-0114,FAOA-2015-CH01-SEG-0095,114,835,vector!space!normed,825,vektor!ruang!bernorma,c66a2eb6df47852481b82bf471cd4cf5dd0191a2d9999459fd13d6aa7eae5a5c,52f90c119be944f87b4d93465d5e088b5188f20f417a6606b440260fe96abb9f,id-ID
FAOA-2015-CH01-TERM-OCC-0115,FAOA-2015-CH01-SEG-0095,115,837,unit!vector,827,satuan!vektor,1a96baf7cac8b6c1c1611d5caf980ebc5e0fefcc7cded015f8dd4d0a1978719f,ac4166eb830c4ace5826e1b533345ea49dc0cf8344ea481c90875eea7bab1f14,id-ID
FAOA-2015-CH01-TERM-OCC-0116,FAOA-2015-CH01-SEG-0095,116,838,vector!unit,828,vektor!satuan,ed982c7dd8f57ea327816898049a7cfb50581751f6dd0ffb9cd4bf0de91f9673,60d5fc439ef3c7af18fc9e462c6b43ab23e50862b6e115cd5086df1d4f7df33d,id-ID
FAOA-2015-CH01-TERM-OCC-0117,FAOA-2015-CH01-SEG-0097,117,847,norm!induced by an inner product,837,norma!diinduksi oleh hasil kali dalam,8b9d6ee41435f25cf0b2b0a90235b668941fd8b3afbb19882287653fc342ebf7,6790172a75998e186b72deee2c342985e2af13485430c7b5ec2db39e10e53c16,id-ID
FAOA-2015-CH01-TERM-OCC-0118,FAOA-2015-CH01-SEG-0097,118,848,induced!norm,838,diinduksi!norma,82570ceeffd6856d27c3d4cbb5e344c22c17ee20137fb8b07fb95d78f7013123,4f54594318299a233633aa8102cc66c22a86ffef2008e7efcd3d1f3b0bc00452,id-ID
FAOA-2015-CH01-TERM-OCC-0119,FAOA-2015-CH01-SEG-0100,119,858,metric,848,metrik,b8b4e9cea77ef29a5e958f13addd4855c35d2f04a060c3a869f8c955fd4c9a34,eac2058de232aa32964f2c203aca1b8b44c116118ab47822d6e0d7a01dedc767,id-ID
FAOA-2015-CH01-TERM-OCC-0120,FAOA-2015-CH01-SEG-0100,120,860,distance!function,850,jarak!fungsi,d8e6d5f2ae9e43431b407d5142f1bab499a011ae819a4a9a9f5417414567073a,f71db43bfe5069e697bcbcfcee4c4d5def36cb374abc302b35f70dd57d75893d,id-ID
FAOA-2015-CH01-TERM-OCC-0121,FAOA-2015-CH01-SEG-0100,121,861,"d@$d(x,y)$ (distance between points $x$ and $y$)",851,"d@$d(x,y)$ (jarak antara titik $x$ dan $y$)",02094dcc14b195e6d10eaa55dff2b40fb58c3a9e1f36383782400558b08793f6,a69be8025e0f29f157b9177df146f31d6aeda227d58fd7a2e1d46c5cfde19919,id-ID
FAOA-2015-CH01-TERM-OCC-0122,FAOA-2015-CH01-SEG-0100,122,866,triangle inequality,856,ketaksamaan segitiga,a6d48f7ec693c73d4b284c8c51e861e5e36eaecbe6a434507a6cf8c2350d0077,c0027647bc1908525d506148aea6fcf89565ae0db6091f8c676662c154457ab5,id-ID
FAOA-2015-CH01-TERM-OCC-0123,FAOA-2015-CH01-SEG-0100,123,867,inequality!triangle,857,ketaksamaan!segitiga,a1b84d17b5880159ac7a13817f87fe9f1b8c2962a6f5a906172e8aaf547bbfe3,c69f33323e7f023b17b18225c259ff0fecc45e031604072d6b9308b170a9ecf4,id-ID
FAOA-2015-CH01-TERM-OCC-0124,FAOA-2015-CH01-SEG-0100,124,873,metric!space,863,metrik!ruang,289aa95b2cf2e91ee86e632597e9783172ed49565a7ea3bb33bdf7164af5cd36,acace256c357fed93ab614dcef667fc4966e8dd25de4d38eba72c97d830fee19,id-ID
FAOA-2015-CH01-TERM-OCC-0125,FAOA-2015-CH01-SEG-0100,125,874,space!metric,864,ruang!metrik,15b7b08c2322ecaeef0046601ade0950ed9ea9951dfd05311e43b7f61f2af5f7,0de7c6d8e9d563f892591a93d9beb784dd1702238c3868b2fa93b2229ae27ba0,id-ID
FAOA-2015-CH01-TERM-OCC-0126,FAOA-2015-CH01-SEG-0100,126,880,pseudometric,870,pseudometrik,1afd060979533ce68704a82ddd4e6ff4afbd3e146974823614cb7f02e906f0fc,904603e00bdad941c2202614c28c28128dfbb16ec77345cd992ab704ca3f0562,id-ID
FAOA-2015-CH01-TERM-OCC-0127,FAOA-2015-CH01-SEG-0101,127,886,metric!induced by a norm,876,metrik!diinduksi oleh norma,f24d90f5f3201708200501d2794f50c71cdf326916cc401f602c2aacb99f10e2,c318de7344ab6078085bacec190543c26c5f69979ce2b8710553c5721a85a5f1,id-ID
FAOA-2015-CH01-TERM-OCC-0128,FAOA-2015-CH01-SEG-0101,128,893,induced!metric,883,diinduksi!metrik,a952dbbb83009bd35a8ddb1310fe8bef8062306887e76841a8bf05db619fc36a,65a702086594a9c0b240771d839a821e53ee938b9879d49c73d2e933728d4f87,id-ID
FAOA-2015-CH01-TERM-OCC-0129,FAOA-2015-CH01-SEG-0103,129,902,orthogonal,892,ortogonal,37a54e5c414654d8752fa719a92f0f3c9ca6fcd6893af8234a3b980d0d123975,ddd076db4a577b5ec2eabdcc03bcc92f85b444fce8b05bc6a4a6e5ee35b5436c,id-ID
FAOA-2015-CH01-TERM-OCC-0130,FAOA-2015-CH01-SEG-0103,130,904,perpendicular,894,tegak lurus,da33a011cf1ddadb69be786195e7fab0558968a0f7d5005797058e6f442d9d38,ab8242df7cee2fc370c64c611ae705334812a5c1784fa97abfdb5c5c6c78f972,id-ID
FAOA-2015-CH01-TERM-OCC-0131,FAOA-2015-CH01-SEG-0103,131,906,<binrelperp@$x \perp y$ (orthogonal vectors),896,<binrelperp@$x \perp y$ (vektor ortogonal),637f98e21909947a3eafecf231f0a514df779fc4dbc65e1bf9d45289d93fabf8,930bf6137a7762b7dad07b3a90d4b05903c6017bd055d9a075e8857066efc0a3,id-ID
FAOA-2015-CH01-TERM-OCC-0132,FAOA-2015-CH01-SEG-0104,132,914,internal!orthogonal direct sum,904,internal!jumlah langsung ortogonal,a40eb1780989247ede0cc5a97c08aa91357ced147119c04db4641a3ac3caaf0b,e23735efcf06b877856e27c9c44f1d7286567cecd1d6943b56384b2ee432f8b5,id-ID
FAOA-2015-CH01-TERM-OCC-0133,FAOA-2015-CH01-SEG-0104,133,915,direct!sum!orthogonal,905,langsung!jumlah!ortogonal,148683d27aaffe94bbfd4ba6d7cd66a38ee6f006d99f8892e4f6e4154837ee5b,61fad3ac38d58cb762e80aa783b6a52402c7cea8ace4779fd8826ae2ffda029f,id-ID
FAOA-2015-CH01-TERM-OCC-0134,FAOA-2015-CH01-SEG-0104,134,916,orthogonal!direct sum!of inner product spaces,906,ortogonal!jumlah langsung!ruang hasil kali dalam,091c432a594bfe78a0dd6a1d73bde95b5b317f8674a57658cf4eee500bb6d121,fd78988efa862f65dd55c1a1713c8027becdad67aac6caf10550fcc92c896506,id-ID
FAOA-2015-CH01-TERM-OCC-0135,FAOA-2015-CH01-SEG-0107,135,929,Pythagorean theorem,919,teorema Pythagoras,67bc9199a1f31ba373024cf3629fdda3d7086f56b20f8ef041da256bc2af0271,d7a676f30e954fcedc00f7b1f8f8431c359f0aa30d330c75b5059bb874bcb94c,id-ID
FAOA-2015-CH01-TERM-OCC-0136,FAOA-2015-CH01-SEG-0108,136,946,external!direct sum,935,eksternal!jumlah langsung,09a6a1d52ef4f141c9d963e6f2391c37d228b301a9ad2b090c2ce473e10c3e96,5d0a0cd257de076bcddba588bd3e090afe53a145b351a650af8166758572fee4,id-ID
FAOA-2015-CH01-TERM-OCC-0137,FAOA-2015-CH01-SEG-0108,137,947,direct!sum!external,936,langsung!jumlah!eksternal,020269b095e9c5e0c69aa2bb33a4f42141f38b622ca4cd9f00e5f83d429b42f2,d52fd006f6fb52697e1ff37c03d70278cd7cab56d56e33a7be46e4eb14260c42,id-ID
FAOA-2015-CH01-TERM-OCC-0138,FAOA-2015-CH01-SEG-0108,138,948,direct!sum!of inner product spaces,937,langsung!jumlah!ruang hasil kali dalam,3959b8b426d1c8b38929240cc7ba63bdeca998deceb0184bc77c8692639b0dcb,2aab1f87bff3f517d53f3cf430bee1ef8e4a572a810f0312d379dca0b742d6f5,id-ID
FAOA-2015-CH01-TERM-OCC-0139,FAOA-2015-CH01-SEG-0108,139,949,orthogonal!direct sum!of inner product spaces,938,ortogonal!jumlah langsung!ruang hasil kali dalam,091c432a594bfe78a0dd6a1d73bde95b5b317f8674a57658cf4eee500bb6d121,fd78988efa862f65dd55c1a1713c8027becdad67aac6caf10550fcc92c896506,id-ID
FAOA-2015-CH01-TERM-OCC-0140,FAOA-2015-CH01-SEG-0108,140,950,<binopdirectsum@$\oplus$ (orthogonal direct sum),939,<binopdirectsum@$\oplus$ (jumlah langsung ortogonal),8e8400f37bdd9fc4c75be756a182d65c41ff3f2796116558e4529ade2d0f9bd3,b465fa552bb5098a7151eb6e4a8b292f3821a7a0f952ed53fa5ad8df001a7444,id-ID
FAOA-2015-CH01-TERM-OCC-0141,FAOA-2015-CH01-SEG-0113,141,979,parallelogram law,967,hukum jajaran genjang,7479816398178585cdedfce9d98b94221bec7e229d7d51479af5b987b4e3e2a1,42818d425e98be1b51dfc7241ea547d53ced7c331881cc8e5081ed8c4a68243c,id-ID
FAOA-2015-CH01-TERM-OCC-0142,FAOA-2015-CH01-SEG-0117,142,993,polarization identity,981,identitas polarisasi,ca5c911c4d2ed7040b6e581e9290a99633929de744728d1e04d46527bf508a29,20039c753fbfaf73d385a373901062c907667832c9a25f2dd1254b5adc548c40,id-ID
FAOA-2015-CH01-TERM-OCC-0143,FAOA-2015-CH01-SEG-0119,143,1005,orthogonal!complement,993,ortogonal!komplemen,8f405c713f8f72ea2f4def8d60848dbda6518f6bb1da253169407368ecd123d3,8a29426eff46bd5badf27fd32026a39320ba4dc574258dc334a57bec82b96435,id-ID
FAOA-2015-CH01-TERM-OCC-0144,FAOA-2015-CH01-SEG-0119,144,1006,complement!orthogonal,994,komplemen!ortogonal,f5727e13056a4a6a9ec48595c27046fccaa076b5e258e675ecd80b5d436f863e,56d1ef021ee3f870393c2070d7b0eeb4303fddd19154fb7c0f76426a84ff762c,id-ID
FAOA-2015-CH01-TERM-OCC-0145,FAOA-2015-CH01-SEG-0119,145,1007,<unopur@$A^\perp$ (orthogonal complement),995,<unopur@$A^\perp$ (komplemen ortogonal),9a175040d1850956efcda7db4f11eff13bb8f66e8f52c33cd9382d07a9ce29f5,b51225b72bb44dd0eba93611c1d46ca18dcb4181f54087810dfe62ac777ba4cb,id-ID
FAOA-2015-CH01-TERM-OCC-0146,FAOA-2015-CH01-SEG-0121,146,1018,Gram-Schmidt orthonormalization,1006,ortonormalisasi Gram--Schmidt,15e420bf7e0889d9c3baeaf49a4ba838668dc3adece8662a1861c24e9f1f90b6,607314fff2ff8fc19a20996087fffc0dd9af09c72b98bfe27af7434b9913482d,id-ID
FAOA-2015-CH01-TERM-OCC-0147,FAOA-2015-CH01-SEG-0121,147,1019,orthonormalization,1007,ortonormalisasi,cf4c86d2a4b342baf03a8d8d724357c9d1806485b1d0c34f405ce91b191f14df,a1923e0ffbe36e1ead403e051ef0b82123a408cac5cead2a777fa9752d8f9c80,id-ID
FAOA-2015-CH01-TERM-OCC-0148,FAOA-2015-CH01-SEG-0124,148,1033,eventually,1021,pada akhirnya,c8bf82c2cbf5a469c5584886ab5caeea79d8e7a7bcf25a2c4495586317a15734,b7ae9e35ef752934ca84bfcce5a0489485bea38f5c984f1dd776d025b7fad5f5,id-ID
FAOA-2015-CH01-TERM-OCC-0149,FAOA-2015-CH01-SEG-0125,149,1040,l@$l_c$!sequences which are eventually zero,1028,l@$l_c$!barisan yang pada akhirnya nol,bd262c319b9108fa2b8d92325e1fbb4223392e92b2bf36f751c83cb3471e5682,278c848b26e07b21c23df51d92e4c0287f12beab603684cc25cd4f13c2a2b204,id-ID
FAOA-2015-CH01-TERM-OCC-0150,FAOA-2015-CH01-SEG-0125,150,1041,l@$l_c$!as a vector space,1029,l@$l_c$!sebagai ruang vektor,064a8d26035a3ef66090c542bd1ad39a2dfbf0c839a14684c00c479d8f243115,e08a6354fd7b927d9f8d940e694c979f9a92d12ba476aa22b5e1590ec68f3fc0,id-ID
FAOA-2015-CH01-TERM-OCC-0151,FAOA-2015-CH01-SEG-0125,151,1044,finite!support,1032,hingga!tumpuan,bf3e80a35569c3371be554ee132656fcb03e59578dc2060666168282e97feca4,b6fb31f4cfa1855f6c752cd2b5318bb6615d79c8a71f591e1e54394f13e41e7e,id-ID
FAOA-2015-CH01-TERM-OCC-0152,FAOA-2015-CH01-SEG-0125,152,1045,support!finite,1033,tumpuan!hingga,98ac5870711852d812e7cb481c1f23af875bbc721939bae961614791c609301e,05e2a27367263484bed9f90155645483c46f5a74af32806da38cf3ad9e769fcd,id-ID
FAOA-2015-CH01-TERM-OCC-0153,FAOA-2015-CH01-SEG-0125,153,1047,l@$l_c$!as an inner product space,1035,l@$l_c$!sebagai ruang hasil kali dalam,aa8ba6439e3187b23357f01b61973d75bab264e9ebbc5805b6593b50931dbdbc,657f2c262ef29326698367e2700081255ebf39d481dd07329908e0628861f401,id-ID
FAOA-2015-CH01-TERM-OCC-0154,FAOA-2015-CH01-SEG-0125,154,1048,inner product!space!$l_c$ as a,1036,hasil kali dalam!ruang!$l_c$ sebagai,a9b77a97c31649a0b38991cef7b0d9789ed6d164908b36719290a8af07106e86,6ace6863e502a24ef2e6851df8e29c856f472de856bd3f1a26809a06bead7944,id-ID
FAOA-2015-CH01-TERM-OCC-0155,FAOA-2015-CH01-SEG-0126,155,1055,frequently,1043,sering,a167ddeb1c00e9f9be5465b5a0322e635e3ee6156e18e8a751e6e6d29231ce81,e5d5daec02b77d5390b1bc55213c571463843f10523d23db120cae9dfba6de9b,id-ID
FAOA-2015-CH01-TERM-OCC-0156,FAOA-2015-CH01-SEG-0128,156,1066,linear!functional,1054,linear!fungsional,2dc51c75efbb2200d3e5d9d6a3614874ae4b940da19e50f656ccc4a1c3758737,929a31f856172adc7e3df8a6afb9c40e04376b2ed81b0257f57b9c0b7b6c2b66,id-ID
FAOA-2015-CH01-TERM-OCC-0157,FAOA-2015-CH01-SEG-0128,157,1067,functional!linear,1055,fungsional!linear,f9ca890d1788ad226d1d3e6a1b60bd91a427dbb1c32c0ecf9034e8667d513d8d,f8c69b2bd215a77bdf4344a4e35ba39e6f1c8eace695fa78e353e436dda085ca,id-ID
FAOA-2015-CH01-TERM-OCC-0158,FAOA-2015-CH01-SEG-0128,158,1070,dual!algebraic,1058,dual!aljabar,0d5906a724404326ac871935a10f86c7f10ee26488b99dd4e36598c01da3a3e6,5327ff515191d2dfaefe9b3094699efc92d73b1bd636ea0a13cffc36a89e2ad2,id-ID
FAOA-2015-CH01-TERM-OCC-0159,FAOA-2015-CH01-SEG-0128,159,1071,algebraic!dual space,1059,aljabar!ruang dual,0983352f7545a96e9f305b30a7bbf08dfe0f19c634ab6f940beb67608d849d33,0c247dcc0f37c03e890216e3fc61f8edb80985a6d9526fd186a9916a0c532284,id-ID
FAOA-2015-CH01-TERM-OCC-0160,FAOA-2015-CH01-SEG-0128,160,1072,space!algebraic dual,1060,ruang!dual aljabar,31a89a3288df1dd5ba08f3d17ce74aeb3e2bf971f3c964ae817484e41890b79e,cc4908201908d6bcce0591a63ab95d003dd5683d1832f4491929d3cf69a394cd,id-ID
FAOA-2015-CH01-TERM-OCC-0161,FAOA-2015-CH01-SEG-0128,161,1074,<unopur@$V^\#$ (algebraic dual space),1062,<unopur@$V^\#$ (ruang dual aljabar),ac9fc5f824dec4ea10def2f4fe3daa7b573b34f77122e6fdc799dbfbcfc5f254,43d10149274cd216d44f5816b406d4e8a926b5f3c531e15fef4bf5564af4f573,id-ID
FAOA-2015-CH01-TERM-OCC-0162,FAOA-2015-CH01-SEG-0128,162,1075,V@$V^\#$ (algebraic dual space),1063,V@$V^\#$ (ruang dual aljabar),adeaad99e32f74e33c6152043470a8297ab7f31f1c2cbfb66d0831867ca2979d,266cb48dc7c6532dcef07fced45922339c263af097dc583b5074505b3a1e274a,id-ID
FAOA-2015-CH01-TERM-OCC-0163,FAOA-2015-CH01-SEG-0129,163,1080,Riesz-Fr\'echet theorem!finite dimensional version,1068,teorema Riesz--Fr\'echet!versi berdimensi hingga,c79f2e67c98477d924dbfa54cc576381472a91aa098d6de442c36e557deb3e66,f1c08bea6da3a8c0033333ecced614517c4acfe714b352eb1bd590176c69dcad,id-ID
FAOA-2015-CH01-TERM-OCC-0164,FAOA-2015-CH01-SEG-0131,164,1095,adjoint!of an operator on an inner product space,1083,adjoin!operator pada ruang hasil kali dalam,d318af4371694a4e607fb64184819b5568007c0f42d69ff425b65de10d07b557,f36638d3c71009a7348230494a23ef303626570a305bc814dd54154a2aead915,id-ID
FAOA-2015-CH01-TERM-OCC-0165,FAOA-2015-CH01-SEG-0131,165,1096,<unopurstar@$T^*$ (inner product space adjoint),1084,<unopurstar@$T^*$ (adjoin pada ruang hasil kali dalam),ebe119e3b492337df08a20238966b6c41c8454ec996f6928e450cff26a978935,cff4ec451b262572fd96019d275e003ba2d37b9757fd28dc8d7530ed98b568a0,id-ID
FAOA-2015-CH01-TERM-OCC-0166,FAOA-2015-CH01-SEG-0131,166,1097,T@$T^*$ (inner product space adjoint),1085,T@$T^*$ (adjoin pada ruang hasil kali dalam),5a76a4f02161a2bdd7d628a1901bc8a2894742504192e7ae0da3e49ec8541ddd,68faa9c1539a236148c9a7ab52fbb4b385bccad39e0307968b56fb9c844ebd25,id-ID
FAOA-2015-CH01-TERM-OCC-0167,FAOA-2015-CH01-SEG-0135,167,1116,fundamental!theorem of linear algebra,1104,dasar!teorema aljabar linear,504ac01da8b4270de21b798e33fb0172541719d30cac425ccbaa8226bc519b8d,e94a12c9ac027fab227496c57bd86682fd1882974381ea2dbccb8a4f09762c47,id-ID
FAOA-2015-CH01-TERM-OCC-0168,FAOA-2015-CH01-SEG-0136,168,1122,unitary!operator,1110,uniter!operator,3398697c0c66b3cb272a7427ee61eb6e5d1c19591203e5480ed270e57daf51c5,4b0f9a72ccdd7998e7a724db36678828497302b6950a5f0a7d8dd8baecd633b2,id-ID
FAOA-2015-CH01-TERM-OCC-0169,FAOA-2015-CH01-SEG-0136,169,1123,operator!unitary,1111,operator!uniter,fb4c3b8c4c57864e4ab4297e4aa26971cfe64ea1cf1ac1379c6911be7ad6555f,603e083f8b255e54daed612c367cb8fc0491f86879c93f960856db5f9f705471,id-ID
FAOA-2015-CH01-TERM-OCC-0170,FAOA-2015-CH01-SEG-0137,170,1128,unitary!equivalence,1116,uniter!ekuivalensi,37bedfe89fffc771d12ce66513fc53ae4d44a56a9ab0ce1acca2e237acf74cb8,fcac92d8d24125fd98b4723ee1c4b27daa1466b7c74218129549b7265eab617c,id-ID
FAOA-2015-CH01-TERM-OCC-0171,FAOA-2015-CH01-SEG-0137,171,1129,equivalent!unitarily,1117,ekuivalen!secara uniter,4774c32e30dc905e44333003e0007c64dab9f9e25aee553657101b94c917ef3b,59b6995326e7b13d1b789ac2f7274384f0be096c492b01f33e49056066a69c07,id-ID
FAOA-2015-CH01-TERM-OCC-0172,FAOA-2015-CH01-SEG-0139,172,1139,unitary!diagonalization,1127,uniter!diagonalisasi,123ed6592dae50c2d5968adacf8b375d3ed4b82e727cc3877a83434cd9f3af08,bf2a804eea95b9f5831fc09474200617bfc07b08f2df4382193e66f8983c2ec9,id-ID
FAOA-2015-CH01-TERM-OCC-0173,FAOA-2015-CH01-SEG-0139,173,1140,diagonalizable!unitarily,1128,dapat didiagonalkan!secara uniter,45e16e5c0c951f1411801ef764adf2b8af29f6fa62fbed70db7e0d55fda2ce0a,689af09452f42664beb12bd936f8caf826c26c29d894ac85e73ff9b75bec5c57,id-ID
FAOA-2015-CH01-TERM-OCC-0174,FAOA-2015-CH01-SEG-0140,174,1148,self-adjoint!operator,1136,swaadjoin!operator,c1a8af1152bbf3440e2a3cef151938bd7626407daa76eaa159ad73913341ff64,d86853f04149251eb2314eb12b3135ca105147cf35f99e0ea9806ebe89a84bcf,id-ID
FAOA-2015-CH01-TERM-OCC-0175,FAOA-2015-CH01-SEG-0140,175,1149,operator!self-adjoint,1137,operator!swaadjoin,3d39217761b83cb45f9d5b6d942c8001c4a20c32eb75da834991cb3c494a5112,969661feba6227d06d938c2c4cee6d93154fed2ffabf2d4a2f97c9eab25f59b5,id-ID
FAOA-2015-CH01-TERM-OCC-0176,FAOA-2015-CH01-SEG-0140,176,1151,Hermitian!operator,1139,Hermitian!operator,3b69c778134980b985338258e5c783675939c39ffb5453769ee1052cafe90a61,3b69c778134980b985338258e5c783675939c39ffb5453769ee1052cafe90a61,id-ID
FAOA-2015-CH01-TERM-OCC-0177,FAOA-2015-CH01-SEG-0140,177,1152,operator!Hermitian,1140,operator!Hermitian,091e0b1515415815a9b5dfce39320087766d9b19fa9cc12f88b142de5b983642,091e0b1515415815a9b5dfce39320087766d9b19fa9cc12f88b142de5b983642,id-ID
FAOA-2015-CH01-TERM-OCC-0178,FAOA-2015-CH01-SEG-0141,178,1157,projection!orthogonal,1145,proyeksi!ortogonal,618341f48601bbdcc7014ad4e479d2301d894712bd363f3b6ddd199159e496c7,d9b64385ecb793b07bf82fc04d65beb814e72885121f10c28832a30b3fc14ae1,id-ID
FAOA-2015-CH01-TERM-OCC-0179,FAOA-2015-CH01-SEG-0141,179,1158,orthogonal!projection!in an inner product space,1146,ortogonal!proyeksi!dalam ruang hasil kali dalam,e07f8544f29977957ab3f75606608f8a09bb5f5af78737cbc139782d59226c5c,bc006323e0c247f9c700f6174d6f619ae95dba832626a572d1bf005d2ddce89a,id-ID
FAOA-2015-CH01-TERM-OCC-0180,FAOA-2015-CH01-SEG-0141,180,1159,operator!orthogonal projection,1147,operator!proyeksi ortogonal,24b80a1f4f5efd0f89be1fa385e3dfc6ebb5be520c021b6552f19f8cd48f4707,233bed6c29446f8625d05f7e86537a4f5f75a8091e634ca1e5eeb058ce0dbd89,id-ID
FAOA-2015-CH01-TERM-OCC-0181,FAOA-2015-CH01-SEG-0141,181,1162,PM@$\sbsb PM$ (orthogonal projection onto~$M$),1150,PM@$\sbsb PM$ (proyeksi ortogonal ke~$M$),ca31144530fa18144bfb1f144ddbb724d81d2464645c259c6993ef6f94c22f43,29991d66bee5d5f4592421a98f7754ee6994ae45a86e979b008af086f873f57a,id-ID
FAOA-2015-CH01-TERM-OCC-0182,FAOA-2015-CH01-SEG-0144,182,1185,resolution of the identity!orthogonal,1173,resolusi identitas!ortogonal,3a6d35c1eaf7b98fe03d2ee1cc2e546f7dc673a0c1d45497b8fbee0df2e147d4,5445922e2611749866c9847f96b19bd06e061f20ad1f92e39c32fa744e899082,id-ID
FAOA-2015-CH01-TERM-OCC-0183,FAOA-2015-CH01-SEG-0144,183,1186,orthogonal!resolution of the identity,1174,ortogonal!resolusi identitas,87fad8903239ff64f9b0fb8ce90ceb7e52b702070ba5d1802014ae4efb752e7e,f2e1521aaef3765d7763f0d5ece34fb9a7ec1ae074d4206a6525b7a1acd07101,id-ID
FAOA-2015-CH01-TERM-OCC-0184,FAOA-2015-CH01-SEG-0146,184,1195,normal!operator,1183,normal!operator,c4dac58d71af370d72dc67c5489d59dbf27592c670632efcb8f0ce70d90021f3,c4dac58d71af370d72dc67c5489d59dbf27592c670632efcb8f0ce70d90021f3,id-ID
FAOA-2015-CH01-TERM-OCC-0185,FAOA-2015-CH01-SEG-0146,185,1196,operator!normal,1184,operator!normal,ed10d4cc094faed77c9d3453ac096e42adc95d09772bf9411edb1efd0f43906b,ed10d4cc094faed77c9d3453ac096e42adc95d09772bf9411edb1efd0f43906b,id-ID
FAOA-2015-CH01-TERM-OCC-0186,FAOA-2015-CH01-SEG-0148,186,1207,spectral!theorem!for normal operators on inner product spaces,1196,spektral!teorema!operator normal pada ruang hasil kali dalam,d938031ded556bdf8ebfefb2445b7051c40758f4905c5123e8df41115f26cf4c,63272f72615a532da2e476f2cc2b63618e0bf217dc61a8268f2f47b3a2029f25,id-ID
FAOA-2015-CH01-TERM-OCC-0187,FAOA-2015-CH01-SEG-0150,187,1219,normal!operator!conditions for unitary equivalence,1208,normal!operator!syarat untuk ekuivalensi uniter,4da7296de524c8f2314b089ea102a3184ac85006df2eb4101b1a126125d7fd26,b4cb6bba6b97ffb982160ce22a7b586c4ddf58250474c4562ab167033411e870,id-ID
FAOA-2015-CH02-TERM-OCC-0001,FAOA-2015-CH02-SEG-0005,1,44,object (of a category),44,objek (dari suatu kategori),b0551eb0327ad732c97526a0cb5a9116fcf3e7b67d6a54ca5012c50d8d317348,12df31044b338392fed86c13235e9177d1b350ca95ea5b2bd6d7131b29a57d5d,id-ID
FAOA-2015-CH02-TERM-OCC-0002,FAOA-2015-CH02-SEG-0005,2,47,morphism!of a category,47,morfisme!dari suatu kategori,3232f8355b9f1018e1193407b12a34d6efc016699727a0bc9b629f4223aeb472,69493da4a1ad282c8617fa031541d00fe3b5e52627d6e730a7158ff2c8204a99,id-ID
FAOA-2015-CH02-TERM-OCC-0003,FAOA-2015-CH02-SEG-0005,3,49,arrow,49,panah,864ea39fe7e2b27155a29e46fb9458d05e2ccade4151d02b7c851b10257eda7a,014ccc320c04b16b386e8bf2497abbfa7dbb357fef8af9f5672d2727c3b34fbf,id-ID
FAOA-2015-CH02-TERM-OCC-0004,FAOA-2015-CH02-SEG-0005,4,66,category,65,kategori,edb2cd3b74c999af70f0b7054990f2072dc6e10a847af6ed05954b8994b730fe,73481be00cd7c3828d2c75ce23ef68fab4aec6f10fa9ccf39e4ec0c4f5e6d904,id-ID
FAOA-2015-CH02-TERM-OCC-0005,FAOA-2015-CH02-SEG-0005,5,70,<arrowto@$S \to^\alpha T$ (morphism in a category),69,<arrowto@$S \to^\alpha T$ (morfisme dalam suatu kategori),3745391527b873f751cfe53796bf155c8f41e37d99f3474837cea14246ef6b78,ca833000117d89855109cefb343b8cedcf27cf9c99dbc273874f943aa5981eff,id-ID
FAOA-2015-CH02-TERM-OCC-0006,FAOA-2015-CH02-SEG-0005,6,74,<binopconcat@$\beta\alpha$ (notation for composition of morphisms),73,<binopconcat@$\beta\alpha$ (notasi untuk komposisi morfisme),6e17655a560c5537cf4d79c92d4fd798607af52f2c6bdfe3257663540e846b49,73ef96b9d5c898559e353a8ca070740c9f8b7a3f3281eaa1d3aed81570d12f78,id-ID
FAOA-2015-CH02-TERM-OCC-0007,FAOA-2015-CH02-SEG-0005,7,75,conventions!notation for composition!of morphisms,74,konvensi!notasi untuk komposisi!morfisme,3614ab1bc9254bf56e42e8701c824f5c600e37c362f8a185f26fd686ebf8ec27,cc522d90c387d5d266528cda4ab999c4b1edc96a5cba02103340b822a8de3f5c,id-ID
FAOA-2015-CH02-TERM-OCC-0008,FAOA-2015-CH02-SEG-0005,8,79,small,78,kecil secara lokal,81db8ebbbbc69c6c6ad4a6aa92b76e0c08af547da236b9e2c9dbe1d8285a8130,667c5b39cdc1263cd3ad746ad7e51d56bd6811cd86749a3c0d06e88dcc39d252,id-ID
FAOA-2015-CH02-TERM-OCC-0009,FAOA-2015-CH02-SEG-0005,9,80,category!small,79,kategori!kecil secara lokal,681647798c6e2f052866758da8c2c12a3c728af922b4516dd4b0fb3f86de4960,ec91d8535bcfe485a263a8815284bfc042539aa583869d28c05c39473f8a13a5,id-ID
FAOA-2015-CH02-TERM-OCC-0010,FAOA-2015-CH02-SEG-0005,10,82,locally!small,81,kecil,51c1f3449913ea55e4366f93a4e80f8214d132d770b61395b7582fb56d882b99,22647daeffff0525ea82ecd2d71d0c52c75c75b2ba7e9ede950e59f9bfe97ae1,id-ID
FAOA-2015-CH02-TERM-OCC-0011,FAOA-2015-CH02-SEG-0005,11,83,category!locally small,82,kategori!kecil,d92c5051930ec8f0772fff6f3283f9df617b89b7bdf51b70bd114dd007600b55,b6c376f33851ceab7061294c73f132b4dabe0e12bf10505b4fa5e871be566187,id-ID
FAOA-2015-CH02-TERM-OCC-0012,FAOA-2015-CH02-SEG-0006,12,89,category!$\cat{SET}$ as a,88,kategori!$\cat{SET}$ sebagai suatu,c77a3cdde8fd332a03939e809157d21b0fccf4424be8931b7f9969a4fd52708c,c6b334a16cf16cf814404de13dbc874fb862fdc3293759afe99bea01e6169795,id-ID
FAOA-2015-CH02-TERM-OCC-0013,FAOA-2015-CH02-SEG-0006,13,90,SET@$\cat{SET}$!the category,89,SET@$\cat{SET}$!kategori,04e36c68d7884ab365f189c1bd183a8bad609e75f3ced932db08d9a89bf1a6a4,e2ab2f2b51ebc4dd9d9f4babc493c0def411d56605be63e7be4406c1cb57d143,id-ID
FAOA-2015-CH02-TERM-OCC-0014,FAOA-2015-CH02-SEG-0007,14,95,category!$\cat{AbGp}$ as a,94,kategori!$\cat{AbGp}$ sebagai suatu,7be0979e49b97bb30a1a87ec73d33ec2f21c1a274017ae4e7a89e6a6c06458a5,9bb375a0ae0725174515fc832a664e1b5e7e6c2dd4c5cc845a52a5fb5464a5ec,id-ID
FAOA-2015-CH02-TERM-OCC-0015,FAOA-2015-CH02-SEG-0007,15,96,AbGp@$\cat{AbGp}$!the category,95,AbGp@$\cat{AbGp}$!kategori,4caff75d5691fe7253b05f6c0b0528dc01ee67587316882c11e8411177f4927f,7784b2eb1806381ffacaa8d206e3a92c98399fdd184b000007507879cf93fb45,id-ID
FAOA-2015-CH02-TERM-OCC-0016,FAOA-2015-CH02-SEG-0008,16,101,category!$\cat{VEC}$ as a,100,kategori!$\cat{VEC}$ sebagai suatu,af5352a9f6273c8fc9b990f0be062656b0edff73c598fba34c9423a633a72e1b,051b53ac0596db7aacd5797e8a2182685d7860b0ab5f287ba0097e2c0794d46a,id-ID
FAOA-2015-CH02-TERM-OCC-0017,FAOA-2015-CH02-SEG-0008,17,102,VEC@$\cat{VEC}$!the category,101,VEC@$\cat{VEC}$!kategori,a95d567ec62b7158207263543f015812f6e0cff74e7ed9754c38b9107d60cf3a,2e3006a8da23a1e19266010778d94fc37303973eaf6ca94e974b526049af0cc9,id-ID
FAOA-2015-CH02-TERM-OCC-0018,FAOA-2015-CH02-SEG-0009,18,115,<le@$\le$ (notation for a partial ordering),114,<le@$\le$ (notasi untuk suatu urutan parsial),e9cf38d19ec2f6f5961daed70cd5ab33cc47d9eeddc86f1f4d76e85f195d4e3e,94d710e65c133a102960eca8ac713279aebce3d59d6c1d4fd2b0892706e8366f,id-ID
FAOA-2015-CH02-TERM-OCC-0019,FAOA-2015-CH02-SEG-0009,19,117,reflexive,116,refleksif,465407cbb65c066633162081a51f5df9d124554d3b8e449ab8db1b4a60aac842,0ae0cba37f9dfd6733d8e182d0c3ef8fb374ac6babb4e81003487d23b76ea2cb,id-ID
FAOA-2015-CH02-TERM-OCC-0020,FAOA-2015-CH02-SEG-0009,20,118,transitive,117,transitif,f0151e85b4af94faca89a44550b7d33aa46d27678f21a90aa99ad77397643592,df94151600544a1a763c207eb6119cb3dc415c25100dc10fcc491c71ce78f348,id-ID
FAOA-2015-CH02-TERM-OCC-0021,FAOA-2015-CH02-SEG-0009,21,119,preordering,118,praurutan,178cd1de11f861e033cdb1edff1cee019cde470e1fd1658749e547f5a7cb6d43,fa473c87c8c5cdbcffc084de8c6c7c5ffcbd78659d6ebfeb2775bd82c0f13708,id-ID
FAOA-2015-CH02-TERM-OCC-0022,FAOA-2015-CH02-SEG-0009,22,120,ordering!pre-,119,urutan!pra-,e9661853f0615bf5266fc82a3de1fcb7d835e74a38abf691fb429625486d33dd,675a4a26e4dc72a4cd211e9278c4851cd4d4835019ddfc42efe53c8dc3b5c8f4,id-ID
FAOA-2015-CH02-TERM-OCC-0023,FAOA-2015-CH02-SEG-0009,23,123,antisymmetric,122,antisimetris,92a012982337f34716e519295983c8447f25592cd711e79e511a67c64855e7e7,0ecf11d88bc344af3715daf68aae6c565dc031f7f4efbf3dbd97336591a19768,id-ID
FAOA-2015-CH02-TERM-OCC-0024,FAOA-2015-CH02-SEG-0009,24,124,partial!ordering,123,parsial!urutan,8aa0b01a2db5159e5efb1793152b13102a083cffe90f034c33f1541cbf6c0757,21a8e3c3c56e9c32ffaa67782a92c59c85ca925c8fef1aa9e1dd5de06939d667,id-ID
FAOA-2015-CH02-TERM-OCC-0025,FAOA-2015-CH02-SEG-0009,25,125,ordering!partial,124,urutan!parsial,290d73a8e028a10d6a273352d81c8bc6a7af2c4f73417d52d4c9c618396a330d,e391720a5e0a6f6bb75f681834b19f53797d23b2936543a33cc6a30306c67993,id-ID
FAOA-2015-CH02-TERM-OCC-0026,FAOA-2015-CH02-SEG-0009,26,128,comparable,127,dapat dibandingkan,8751a3fcac50b3ba5e32bab4b31dbd1b35414bbd12bd19a6241254e6dc2cad3a,9324d88963c2c1228c925a0c49ade99a17ff6390f49a0a7cdc0c7c929017113b,id-ID
FAOA-2015-CH02-TERM-OCC-0027,FAOA-2015-CH02-SEG-0009,27,131,linear!ordering,130,linear!urutan,1d0de50efaa0ac6b7225f45a5d9bfd2e6b0c36e617c3dcb5fabcd0f22c8dba6a,6b4facbccbc8e169df0ba12411dce596587a1f8aa41ec092f1213387964a7a93,id-ID
FAOA-2015-CH02-TERM-OCC-0028,FAOA-2015-CH02-SEG-0009,28,132,ordering!linear,131,urutan!linear,7c3c7a86349a069f1f8a0dee89100dc4257a87182c8e9a92f5408e3f1d2fe9b2,a5bcc65475f1a862e36ca5db457e177c7b7c67f09451991d64e745cf09994241,id-ID
FAOA-2015-CH02-TERM-OCC-0029,FAOA-2015-CH02-SEG-0009,29,134,total!ordering,133,total!urutan,c80281914a92c30236486c42ef3ed1f0bb7a79aae9a0718930a336f944a5e551,c6d2b1bc1e5a02c7baebf4a04e41e73c23c41c9e03b42ede4e7dad036bbfa95a,id-ID
FAOA-2015-CH02-TERM-OCC-0030,FAOA-2015-CH02-SEG-0009,30,135,ordering!total,134,urutan!total,cf8f5bc06a7e247f8059e3fd156cfad9d644fd5df1a7064359c1708e797622d8,48819b02bde4c866e2a954091a66781ff58521cbdde40c5c710c995041c2a627,id-ID
FAOA-2015-CH02-TERM-OCC-0031,FAOA-2015-CH02-SEG-0009,31,139,preordered set,138,himpunan terpraurut,785c1b8f923fe459e917b23ec7496bc9bfc2d0d0089cc36b18dbff67ea29217d,4def1b408ea5f98611ddbc662be316888d95d9d72765b3ac6c3deeb9513435b9,id-ID
FAOA-2015-CH02-TERM-OCC-0032,FAOA-2015-CH02-SEG-0009,32,141,partially ordered set,140,himpunan terurut parsial,63608d20712ece63bdf5a8d12047f4d990bedede58ee27df185b408d2d9b6a19,1dd4dd3c7adfc59e13756df4b5a012a8b62ab4cb72e08b1856897197a0d9fdd6,id-ID
FAOA-2015-CH02-TERM-OCC-0033,FAOA-2015-CH02-SEG-0009,33,143,linearly ordered set,142,himpunan terurut linear,328b5b6676c413394a8ca5861f8e9666d004fd8b893487ff43e9629211f01b43,4b82535f964ca93afd652789cc9d2a6b63ad15cf558f985c89485ca94f49ca52,id-ID
FAOA-2015-CH02-TERM-OCC-0034,FAOA-2015-CH02-SEG-0009,34,146,chain,145,rantai,9414886b1ebf025db067a4cbd13a0903fbd9733a5372bba1b58bd72c1699b798,8ab995f3e9823f72e5ce2bba38204c7ae14da6cc2f60d8c5a8e19b63b4a435fe,id-ID
FAOA-2015-CH02-TERM-OCC-0035,FAOA-2015-CH02-SEG-0009,35,150,<l@$<$ (notation for a strict ordering),149,<l@$<$ (notasi untuk suatu urutan ketat),3009de5cfd8427c213a13cd6e6500a6264e6fde37243af675e49b53e25cf8481,403b73402f0abd9ea2112ff1739be8a47b1f0e568f80679e831651ab496e1d0a,id-ID
FAOA-2015-CH02-TERM-OCC-0036,FAOA-2015-CH02-SEG-0010,36,155,order!preserving map,154,urutan!pemetaan pelestari,00626d5286aa471ac6da9639036fcb8ec0c064732115a80a93e387feb5051dd6,6e9b8453dc7f27eaed127c216a184598c7124cdf576debf4a2eb0872378d8e03,id-ID
FAOA-2015-CH02-TERM-OCC-0037,FAOA-2015-CH02-SEG-0011,37,160,category!$\cat{POSET}$ as a,159,kategori!$\cat{POSET}$ sebagai suatu,ad3e5e3c9925f2b65c0aae8cb7b5c2e84f088be3c843b8221aa1a55ad4b2eb20,a088d8c284300156a3b73d27650ed6110581f215caee889fd33173b184987cb1,id-ID
FAOA-2015-CH02-TERM-OCC-0038,FAOA-2015-CH02-SEG-0011,38,161,POSET@$\cat{POSET}$!the category,160,POSET@$\cat{POSET}$!kategori,23a258dde20af9d2f18f133678dd23b348399ac95e9015939dabfce5b144e1e3,0a25515e1e12a8b1384d5e86b513e97e1605d330ce746bfe06322fc3fb1b78ea,id-ID
FAOA-2015-CH02-TERM-OCC-0039,FAOA-2015-CH02-SEG-0012,39,167,<superscript@$f^{\sto}(A)$ or $f(A)$ (image of $A$ under $f$),166,<superscript@$f^{\sto}(A)$ atau $f(A)$ (citra $A$ di bawah $f$),fc79846a9ee5af82d1fa2e4bacfd1849ed1644651d869247422fd425142a72ab,5cb378b0b3a99dbd138e2b5796b640aeb3883394b8f9ea8a6b7ba06b627ce480,id-ID
FAOA-2015-CH02-TERM-OCC-0040,FAOA-2015-CH02-SEG-0012,40,168,<superscript@$f^{\gets}(B)$ (preimage of $B$ under $f$),167,<superscript@$f^{\gets}(B)$ (pracitra $B$ di bawah $f$),d379759bba158cfd95b6cefcd7c04b4548aa844818cdf474f5089550b181a094,c747b1b89d4580bec4b7e807a8217c2b4314874cf1f38938ee60209e5aad9934,id-ID
FAOA-2015-CH02-TERM-OCC-0041,FAOA-2015-CH02-SEG-0012,41,170,image,169,citra,6105d6cc76af400325e94d588ce511be5bfdbb73b437dc51eca43917d7a43e3d,f53d6c67549567ebeee2405a052036eb8d88d7058290b8bd544afde5c2e39d42,id-ID
FAOA-2015-CH02-TERM-OCC-0042,FAOA-2015-CH02-SEG-0012,42,172,preimage,171,pracitra,107661134f21fc7c02223d50ab9eb3600bc3ffc3712423a1e47bb1f9a9dbf55f,5210628ad155187792ea61d6a3c2c48b8943aaf467b1aa5b452eb1105070a87f,id-ID
FAOA-2015-CH02-TERM-OCC-0043,FAOA-2015-CH02-SEG-0012,43,174,inverse!image,173,invers!citra,a1580ad3ee637eae8a223e9fafaa9e23bbc6238957b1cd93347344ca3b444281,d291e0de4ddb62d4352b4e5a42d2d3782ebcc46372a394423bb1b97b77abd9c0,id-ID
FAOA-2015-CH02-TERM-OCC-0044,FAOA-2015-CH02-SEG-0012,44,175,image!inverse,174,citra!invers,c219000b04d5cf7c72a2c52bdb43f4079c29f14d4ee2a5db8c643a7f012a1986,aa6cd7288a0191c8542580e99a8a01196d416fd0f58cca16324e8a42b8d1cf0f,id-ID
FAOA-2015-CH02-TERM-OCC-0045,FAOA-2015-CH02-SEG-0013,45,181,topology,180,topologi,e6e2b826e31fca5c36125c48f130dcb6f961e698ff8a8776a1f290cf0892e8e6,3402f2f8f54b012485c1b634c1b3fbb75fd4f633c13d7d6bd4267a1c9413bfc0,id-ID
FAOA-2015-CH02-TERM-OCC-0046,FAOA-2015-CH02-SEG-0013,46,185,topological!space,184,topologis!ruang,bd6cfb22be7ef92695c7acf7acd00bb311ce4bcc612ae134a97280061dd572ba,895e6b3a4737752d2ba6498eb33c5b8cf0742a5b89718512d0ddbdf5703ff7a7,id-ID
FAOA-2015-CH02-TERM-OCC-0047,FAOA-2015-CH02-SEG-0013,47,186,space!topological,185,ruang!topologis,911156cd18887694914b26247b6592942eaa51bafb20b36dcfec841ef139c7f6,2f487202b56735bec1e428099b4988eccdb482705b863049fb11a7dd47b74b05,id-ID
FAOA-2015-CH02-TERM-OCC-0048,FAOA-2015-CH02-SEG-0013,48,188,open,187,terbuka,2348f998744212575d85959674f9607ab26f67708a917157472832386337c904,70f901d1bc5813db48d82be63bab8cbe0bbb5e50e6ffcc5471068c5ad07ffcd0,id-ID
FAOA-2015-CH02-TERM-OCC-0049,FAOA-2015-CH02-SEG-0013,49,189,<binrel@$\open UX$ ($U$ is an open subset of~$X$),188,<binrel@$\open UX$ ($U$ merupakan subhimpunan terbuka dari~$X$),fc34d540c35f808d9f32a1087b5c7a5c1b15067a77ac5f07386f361bb658029e,662d53c1b151da9f528f800f86f962999ce70e392958ede1357637571afe9a01,id-ID
FAOA-2015-CH02-TERM-OCC-0050,FAOA-2015-CH02-SEG-0013,50,191,closed,190,tertutup,c3eefb58d7c42440a9d4abec51d629544d635a6d936ff3c4d3fca96d611b3cf3,ac114ecef7a47a95abb4a970db5d32b1978e08ae4892d2b1a70fe46eadc39426,id-ID
FAOA-2015-CH02-TERM-OCC-0051,FAOA-2015-CH02-SEG-0013,51,193,continuous!function,192,kontinu!fungsi,a6d19fa2386379b0822633241e1af501bb99f042fab6482bd2a8f8165d5a4c98,d294b2ccc813de3935898ffa3871232c4a54ba8317fd66c08251a0575d56423b,id-ID
FAOA-2015-CH02-TERM-OCC-0052,FAOA-2015-CH02-SEG-0013,52,194,function!continuous,193,fungsi!kontinu,c8abcdde98ddf8ed8ee608757e5179738403160beaceea4c7b4e2fcfcf4ac5e2,7cccf066b979f83164f4086a7a3f452d0ef3c9a91a20651266fde6e942f86f67,id-ID
FAOA-2015-CH02-TERM-OCC-0053,FAOA-2015-CH02-SEG-0014,53,202,indiscrete,201,indiskret,7cff50a26bb6298754ab6878f898db96cc2500023c7d72a08c941ee13b842af4,86e5386f42a0dbdf0d34ff821b4c3bc9afe481868977c6341ebc520fa85c8113,id-ID
FAOA-2015-CH02-TERM-OCC-0054,FAOA-2015-CH02-SEG-0014,54,203,topology!indiscrete,202,topologi!indiskret,60d2b0e71ef8ecc3b8bc7c0c613808238c72e05e9f09753e570a64fdfcb8c267,c969654f54f0abea10a01650c9cc1cbd7ac9fcbf66f90d075206c803c3282c8e,id-ID
FAOA-2015-CH02-TERM-OCC-0055,FAOA-2015-CH02-SEG-0014,55,207,discrete,206,diskret,966877d108f945facc0d20dbbec501143e7df9d308c108f7dda613b889d7d097,047072c9ff3d8e76322f1c4079a9e1bbeac09271d77f9765e54d80366edf1d1f,id-ID
FAOA-2015-CH02-TERM-OCC-0056,FAOA-2015-CH02-SEG-0014,56,208,topology!discrete,207,topologi!diskret,2b39f1a737b7e4efe44e6aba5aacc8536e9a5f276a6bb47278fff6860d7a8216,8da52476a1dd3f895c3010a7e380331c78b08902f23d40aedfef92d1c8a43f6e,id-ID
FAOA-2015-CH02-TERM-OCC-0057,FAOA-2015-CH02-SEG-0015,57,213,category!$\cat{TOP}$ as a,212,kategori!$\cat{TOP}$ sebagai suatu,251f03988a78ae474bcbc92a54912b9deeb898b1f6d5ad66c54672cc6b575131,dc08cfdbd95b23e894ac331b646a969211b6741557c5efed4528f49ad8e8dca5,id-ID
FAOA-2015-CH02-TERM-OCC-0058,FAOA-2015-CH02-SEG-0015,58,214,TOP@$\cat{TOP}$!the category,213,TOP@$\cat{TOP}$!kategori,5a677e13f61749d2a95588f3168f72243b9d9df0156a0736f8fa7e3e88afe29f,bda997e31f2a3a46235207a4a859d7ea2c14f19c6a5439189119877c917514fa,id-ID
FAOA-2015-CH02-TERM-OCC-0059,FAOA-2015-CH02-SEG-0016,59,225,algebra,224,aljabar,ec752d1d10b6d764a0e397c93efbaa03fd30ce08b8cbde407683936427c59368,d33bb3069b617374a093030b7b859115f16e01ad81317a8035b0f1c91b5cce3b,id-ID
FAOA-2015-CH02-TERM-OCC-0060,FAOA-2015-CH02-SEG-0016,60,229,unital!algebra,228,beridentitas!aljabar,56c44eabafe770f17fa7f20762b9c2511a690f6f8055cc06b360c6d192ab1222,3af83f2cc95bd0d002fb9334592d669659762bdada8c59a2acc78585af0a87d4,id-ID
FAOA-2015-CH02-TERM-OCC-0061,FAOA-2015-CH02-SEG-0016,61,230,algebra!unital,229,aljabar!beridentitas,cba224fd2f883edbd63778f6fb9d3704af776515d8c284efa57ce9d7f802bfd4,9f4a0200d1511b191a6fd6492a1100ebc380c1bf4449ce68a36143ce82cc151a,id-ID
FAOA-2015-CH02-TERM-OCC-0062,FAOA-2015-CH02-SEG-0016,62,232,multiplicative!identity,231,perkalian!identitas,d196145b35352459e70cdca6b290d18c7932121419f4a50134fa0072fa6541ac,891582e11c160a175c46803c786e6aa5e82eab19530b7bb1f7bd01315668b20b,id-ID
FAOA-2015-CH02-TERM-OCC-0063,FAOA-2015-CH02-SEG-0016,63,233,identity!multiplicative,232,identitas!perkalian,5d83ce4810b1aa201456aa6dfbe34ba4185d793a1100b0c9b1720a08b80fa3f6,ff8b438962069b9f5b0372b6d435fea260bf64f428e749153f306de706ce9958,id-ID
FAOA-2015-CH02-TERM-OCC-0064,FAOA-2015-CH02-SEG-0016,64,236,commutative!algebra,235,komutatif!aljabar,714c4b9b7f7c5dec4a6b73efd41cd7ac31c3a685ef01333c895b97dce1a82cb9,7ec41731656400310bf6c861d72119a3dfb55f538088e6daf7799142a3904cb8,id-ID
FAOA-2015-CH02-TERM-OCC-0065,FAOA-2015-CH02-SEG-0016,65,237,algebra!commutative,236,aljabar!komutatif,e8774a3a863aac8fdf95d0680276095223cccc7818875d24eb0cdef82958192b,bbd76a8d3e2dd6bf88c08eb3474505b1817540364fd597dd810ce4099d8abca6,id-ID
FAOA-2015-CH02-TERM-OCC-0066,FAOA-2015-CH02-SEG-0016,66,241,subalgebra,240,subaljabar,d6fd50d0d0709aa46f4a59af1ce2520f00d0c12e737980888cdf02805cfe5de8,929c19a4c8da5019c84e276f16f626728e04b515089b54ad9607e266149d5984,id-ID
FAOA-2015-CH02-TERM-OCC-0067,FAOA-2015-CH02-SEG-0016,67,244,unital!subalgebra,243,beridentitas!subaljabar,9147ba7a7a88b92c30b2b026dcb6bdcd3af5f31782d276e378aea013384e2cd3,93a2c6aad9de16e8f92bad5326b931f0312d17f39351a81892e58ef4612fdf75,id-ID
FAOA-2015-CH02-TERM-OCC-0068,FAOA-2015-CH02-SEG-0016,68,245,subalgebra!unital,244,subaljabar!beridentitas,ac689ebbf3849ecbb9915ea19174ca3e73a105a4147e524b415951ecb5375d88,abb53ae53d28666145936f4a3ddb5552f7a126444e49077314027610d2f10020,id-ID
FAOA-2015-CH02-TERM-OCC-0069,FAOA-2015-CH02-SEG-0016,69,254,homomorphism!of algebras,253,homomorfisme!aljabar,b51006224c53ee8cd3c742cb7d7f85e2d7585b75ac77ad680fbfd431cf651dde,7daee98347e5dc5e63f558cb61c51acf8a5087bbdff40a05e0a0b5711258a6d6,id-ID
FAOA-2015-CH02-TERM-OCC-0070,FAOA-2015-CH02-SEG-0016,70,255,algebra!homomorphism,254,aljabar!homomorfisme,3b71d6f5d43c496ab6bf56cc2052fae271636a8171f951c3bcf475f43eba6141,8795b6492fd36fcc32b223af11e4f7b1fb721e8c023aebdb895778a2bb49761b,id-ID
FAOA-2015-CH02-TERM-OCC-0071,FAOA-2015-CH02-SEG-0016,71,259,unital!algebra homomorphism,258,beridentitas!homomorfisme aljabar,048e24f73599ba4505f6f3a1149bfb8b12125e2c7c31992b494bcd61186d293d,a9c89c783d6e3987350b59e8d2b3409c3a04bd1351accb9e4388419b3dfbe4bc,id-ID
FAOA-2015-CH02-TERM-OCC-0072,FAOA-2015-CH02-SEG-0016,72,260,algebra!homomorphism!unital,259,aljabar!homomorfisme!beridentitas,50cd9984bd81adfdebdb4d24f11186b7d161de3b6b6c8577f076cc9e7e8a21eb,928b3e952fa5ceba1c8d55ddcbef89253f89692c12ba47b55f7a4a163893c632,id-ID
FAOA-2015-CH02-TERM-OCC-0073,FAOA-2015-CH02-SEG-0016,73,261,homomorphism!of algebras!unital,260,homomorfisme!aljabar!beridentitas,2e388e959fe0386a76dff8c013c8f91df406b8157dcbeea2340e0b21dfb63633,34a9d9b2327a75aa2d2cd76f302e4b34ac2bff2bc56509d57434617e7374db50,id-ID
FAOA-2015-CH02-TERM-OCC-0074,FAOA-2015-CH02-SEG-0016,74,264,kernel!of an algebra homomorphism,262,kernel!homomorfisme aljabar,d725812843ce3ec053d03523e57c10dada88cc3065153343363b069d3f05d614,dcc182a68734b715c4622b3f633a40f0df9e0dcc8e54f7e3a24a1c2e878fa7f6,id-ID
FAOA-2015-CH02-TERM-OCC-0075,FAOA-2015-CH02-SEG-0016,75,268,isomorphism!of algebras,266,isomorfisme!aljabar,b3093681852d31fb46b66b36f8b43807a530fb44d56d30d2dc4fe8f36f7a1cca,0926cda81ecc8cb4539f1cf40d0be9b2367f03c11ae0a2fa247b4a2679f57d7c,id-ID
FAOA-2015-CH02-TERM-OCC-0076,FAOA-2015-CH02-SEG-0016,76,271,isomorphic,269,isomorfik,c229a0d33d2139a9c00108f2b7af54f0b059a9a946dafe1d2eecae3c7c77faa7,435a7cbc40c4f7a87a5ba53855487a1d7f5136048a37a040754c33c898124d3a,id-ID
FAOA-2015-CH02-TERM-OCC-0077,FAOA-2015-CH02-SEG-0017,77,276,category!$\cat{ALG}$ as a,274,kategori!$\cat{ALG}$ sebagai suatu,f1401143e3d7bae36be62135ffc9f88396bc12a3460b108759a2485a8869cd7b,aa344545628a3181c7f926813f3333823d9c820b9959d91c0494f1e029301956,id-ID
FAOA-2015-CH02-TERM-OCC-0078,FAOA-2015-CH02-SEG-0017,78,277,ALG@$\cat{ALG}$!the category,275,ALG@$\cat{ALG}$!kategori,897737b65e2d01381241a884da0bb6aa502551dfecfa1c765219bc98ed068f88,7e022d6d9c850c8e13ee0557c3b1f00616f945a828744b163f6b8056ff4e8b78,id-ID
FAOA-2015-CH02-TERM-OCC-0079,FAOA-2015-CH02-SEG-0019,79,289,concrete category,287,kategori konkret,7dc22416acce33f070c0808d7fe8d6250dd877e14cc05852a5bcbc37050242b6,092ae63fcae786589164d1fec99065fe927df8c1f0b183042f531173dbb17777,id-ID
FAOA-2015-CH02-TERM-OCC-0080,FAOA-2015-CH02-SEG-0019,80,290,category!concrete,288,kategori!konkret,b78a5ef651d57334425b207958a611a86a1b5047025800b686dcddc6a51a056d,abd20c2a2511ec6072760b33bd0c32fcbae433c59503b3ed2d2e8a2b89c3e2d3,id-ID
FAOA-2015-CH02-TERM-OCC-0081,FAOA-2015-CH02-SEG-0019,81,299,underlying set,297,himpunan dasar,7af9c8004e64382813d9efa582df7c0b3b3135b857e1a6d2edff025c9dfd805e,8c78ad084a68fd60a37916cca4aa3be945e9b27d7e6b6ada4132599d9791c502,id-ID
FAOA-2015-CH02-TERM-OCC-0082,FAOA-2015-CH02-SEG-0019,82,300,set!underlying,298,himpunan!dasar,f840fbb684dff4ae17e02e075600260c81cbb2490860dc5972799488aa051a84,1f18d165084bef018390f3d0d320710531d3e5b38a3b08ee5f24475cd04416d6,id-ID
FAOA-2015-CH02-TERM-OCC-0083,FAOA-2015-CH02-SEG-0019,83,301,<unop@$\abs A$ (underlying set of the object~$A$),299,<unop@$\abs A$ (himpunan dasar dari objek~$A$),636790b8f7777e805d3af2a81a06f2fc9b8748e61136b0153c00e54f358655f8,307e0e1b0cf814040b086e5ecaa9f079ae2a5ef3fa04d406520b4985121283a9,id-ID
FAOA-2015-CH02-TERM-OCC-0084,FAOA-2015-CH02-SEG-0021,84,310,monoid,308,monoid,eff3af6963c58a7a8ad2462bd41486d0a146d8850bd497234da6d419041f4c58,eff3af6963c58a7a8ad2462bd41486d0a146d8850bd497234da6d419041f4c58,id-ID
FAOA-2015-CH02-TERM-OCC-0085,FAOA-2015-CH02-SEG-0022,85,319,monomorphism,317,monomorfisme,16dc36ee1be5eaaaca7b84d596db2152d7799f5233fdc62bda3958f13201a43b,67df894b73fd59c87edd4e07b090d347e3f4accbd7376a44228c3423aec117d4,id-ID
FAOA-2015-CH02-TERM-OCC-0086,FAOA-2015-CH02-SEG-0022,86,321,epimorphism,319,epimorfisme,1e8a826858a236e6647995cc46c908336a8dc5e8b4ae968829835c8b9c0d41f5,2e6e178813e16e8e9d0b548ae8fb9bb4f42d01203a4d4edaa47d1b22df86edfc,id-ID
FAOA-2015-CH02-TERM-OCC-0087,FAOA-2015-CH02-SEG-0023,87,332,left!cancellable,330,kiri!dapat dibatalkan dari,3d3845b85a2bfb03e1d29098f8fbe7cee65f3b6bff97471e2d96401f8374a4df,69f99b0ff68d52c12efb639447e12c62cd657900e33fbc1b5fc7691f28425ece,id-ID
FAOA-2015-CH02-TERM-OCC-0088,FAOA-2015-CH02-SEG-0023,88,333,cancellable!left,331,dapat dibatalkan!dari kiri,bd918b5502e0262c9e6679b72632a51065b936d4a578a4c5f253d32d71886b36,e7aaf90009079cf0218a402fe4a32376df48fb6cefb4d2e798ea326549daa4fc,id-ID
FAOA-2015-CH02-TERM-OCC-0089,FAOA-2015-CH02-SEG-0023,89,336,monic,334,monik,5d5d164ce3e08ac9dd7574303f9db46fbe3c3690d9a3a9ad7c5a6c73f5ad308f,189fe8c13c8ea4fb7cfb2c80435aceccffb681f98797b9182de674101d51aa7b,id-ID
FAOA-2015-CH02-TERM-OCC-0090,FAOA-2015-CH02-SEG-0023,90,343,right!cancellable,341,kanan!dapat dibatalkan dari,c449f8082c9ec8dc8e8c9a10707709d69663d4147d908c41a3463bfbd25e5293,1caf648634fa28668e979e37a129d3e687715ab958905d2a013168864241673c,id-ID
FAOA-2015-CH02-TERM-OCC-0091,FAOA-2015-CH02-SEG-0023,91,344,cancellable!right,342,dapat dibatalkan!dari kanan,4d118208d87f44231e7f4df7116ad54de8fe7c7099a84306108df54a74eb2f3a,95aadeb3cb2e1119a89db15a1e91e067d6ea904b206d4b2c0c02b09fc18252bd,id-ID
FAOA-2015-CH02-TERM-OCC-0092,FAOA-2015-CH02-SEG-0023,92,347,epic,345,epik,49a70bd1e731c8cd1f77a9b75803bad6453ea9c6bc1cbc5e32a1dd19aa5d31db,5ad60e07b9e490f557f5993bccb80cdbce3242be9fb528781ec2e907e61dc55a,id-ID
FAOA-2015-CH02-TERM-OCC-0093,FAOA-2015-CH02-SEG-0024,93,355,left!inverse!of a morphism,353,kiri!invers!morfisme,696b1f73d76e74558df6df3feee4d93396d5c3f2e6252f21fcf85f67356e8c48,f5e1a7e2130236e11639e69c2734c316308026a20c477bcfb5aeecbabc1ddb68,id-ID
FAOA-2015-CH02-TERM-OCC-0094,FAOA-2015-CH02-SEG-0024,94,356,inverse!left,354,invers!kiri,210277f1c5b33bdbe7d3cbc54960d07b6371287fb2600fb36c4314c64eec40de,ae20c1b2cef4fac9fee34e5501b1702f439cb9efca9ed14a090c4f6e22968305,id-ID
FAOA-2015-CH02-TERM-OCC-0095,FAOA-2015-CH02-SEG-0024,95,358,right!inverse!of a morphism,356,kanan!invers!morfisme,6443e6617459edf37c49af826f81f9901a5226d8a313a9a4dc0e0cb9d6f7ed18,597274a77a7857cb8e532185fad8934b179cf7feb60b7421e5e15a94530dc1ad,id-ID
FAOA-2015-CH02-TERM-OCC-0096,FAOA-2015-CH02-SEG-0024,96,359,inverse!right,357,invers!kanan,99e028ddbe6cda2cc2e349b5a74e523417f9d935d1df0dddb9dc38cc52b16d3c,c81500252c18a0d036c6840397a4fc13ad123fb7b7d901a6f5cfb98888b56cb0,id-ID
FAOA-2015-CH02-TERM-OCC-0097,FAOA-2015-CH02-SEG-0024,97,361,isomorphism!in a category,359,isomorfisme!dalam suatu kategori,b7b79a7a7fcf256bf996e4bdb05cdc655dcafa0b4674c15719ccb8b81dbe5ecf,19ad9df628dac58205f2d260b9893f5f51db7f40d6c6773cff3631e3cfcaa05b,id-ID
FAOA-2015-CH02-TERM-OCC-0098,FAOA-2015-CH02-SEG-0024,98,363,invertible!morphism,361,invertibel!morfisme,7cd857bea1a904b10bd7f0ecb74ed7a10bc98165da52e52a952475c4b2124a9f,9a2b1690839f065e260d1a93dd42c699e3b459d2a39860eb1924f62c38844be0,id-ID
FAOA-2015-CH02-TERM-OCC-0099,FAOA-2015-CH02-SEG-0024,99,366,<unopur@$\alpha^{-1}$ (inverse of a morphism $\alpha$),364,<unopur@$\alpha^{-1}$ (invers morfisme $\alpha$),548d8a511d056418b4d009c55db5ab70799aaa76dce4fbdd133c913e9e14558d,9def5613b269d842e55c77418eda378ca1da88a5f93c04616086c1c760ed64b4,id-ID
FAOA-2015-CH02-TERM-OCC-0100,FAOA-2015-CH02-SEG-0024,100,367,inverse!of a morphism,365,invers!morfisme,32f686cfd0a2ea28b20743d9f8b7d6ccdc1dae46409946e852b23dfdbd9769b6,c3b1a38d98b2de4f9b9f5d1a7ce3664b9b1a60d0b0f599c31995df051a89f21a,id-ID
FAOA-2015-CH02-TERM-OCC-0101,FAOA-2015-CH02-SEG-0026,101,379,bijective morphisms!need not be invertible!in $\cat{POSET}$,377,morfisme bijektif!tidak harus invertibel!dalam $\cat{POSET}$,0c962f26f6fe024191ad82ee3f94aab43e3f704f4a29fdf2d952b9472953d635,5ee8fd9189d3873e0d12f402af5986a0238a4dad96705970fb7e6bbfa9c9383b,id-ID
FAOA-2015-CH02-TERM-OCC-0102,FAOA-2015-CH02-SEG-0026,102,380,POSET@$\cat{POSET}$!bijective morphism in,378,POSET@$\cat{POSET}$!morfisme bijektif dalam,96849127093d97f83bf9818359f05cb7d6613cb1ccdbe645a9d95fa90b06229a,af2a85d0e90b31471bda3060cc03e79e55085c5aca84f21fc732879983c6e898,id-ID
FAOA-2015-CH02-TERM-OCC-0103,FAOA-2015-CH02-SEG-0026,103,381,POSET@$\cat{POSET}$!the category,379,POSET@$\cat{POSET}$!kategori,23a258dde20af9d2f18f133678dd23b348399ac95e9015939dabfce5b144e1e3,0a25515e1e12a8b1384d5e86b513e97e1605d330ce746bfe06322fc3fb1b78ea,id-ID
FAOA-2015-CH02-TERM-OCC-0104,FAOA-2015-CH02-SEG-0027,104,387,bijective morphisms!are invertible!in $\cat{SET}$,385,morfisme bijektif!invertibel!dalam $\cat{SET}$,c66cd7342e2e48b06c0aa1bbe0fc8a7f7949002b9e1779ade501e0a67ab7af55,db00f1133ea86de1210f0873af0cf32ef0b9f6ca814cd0a8bf00804521ab510e,id-ID
FAOA-2015-CH02-TERM-OCC-0105,FAOA-2015-CH02-SEG-0027,105,388,SET@$\cat{SET}$!bijective morphism in,386,SET@$\cat{SET}$!morfisme bijektif dalam,a35840a969fb32e98a1ccd24799799e8e2a94d1793ced27e30cea17647ef01ab,ba0af08eada0eca7bcca6d615f0d36d3a78b32efb90e79b5b869a4f44680273b,id-ID
FAOA-2015-CH02-TERM-OCC-0106,FAOA-2015-CH02-SEG-0028,106,393,LAT@$\cat{LAT}$!the category,391,LAT@$\cat{LAT}$!kategori,406088aa41d56ffc42525804d6ce792296105034176e7f9a077ccb693c29b928,4d8766fe904e3907b575250dcaf95e6679f60b79faad6cfe5a164406aed7a3dc,id-ID
FAOA-2015-CH02-TERM-OCC-0107,FAOA-2015-CH02-SEG-0028,107,394,category!$\cat{LAT}$ as a,392,kategori!$\cat{LAT}$ sebagai suatu,72519b02e2d102944e929491784485bea02e51e73605fc0ef80b73c0393727b3,ba93c691ad5ea2fd3dcd921ae551faa6722e6679f7c0b9c0871b7ed7e5b8c8f0,id-ID
FAOA-2015-CH02-TERM-OCC-0108,FAOA-2015-CH02-SEG-0028,108,397,lattice,395,kekisi,4cbe09597b76794b5f6b854c1c1c035ede6d241f250f223b61987dce9d2d7a4b,b3ebc142e9738670de0ed266108c6d5d7577974a0ff309d20296c36984900408,id-ID
FAOA-2015-CH02-TERM-OCC-0109,FAOA-2015-CH02-SEG-0028,109,399,lattice!homomorphism,397,kekisi!homomorfisme,63ad89f125c2501223350464f4123e89a59f73b586408b35ed802d160d492035,6a3e3997d8481040dbfb809c2296b8d4aee38fea39845a8c343b46ec9c7e7d35,id-ID
FAOA-2015-CH02-TERM-OCC-0110,FAOA-2015-CH02-SEG-0028,110,400,homomorphism!lattice,398,homomorfisme!kekisi,61571a6037b923f50474809817088fdecfaaabb9f751616d768264cd5c83c069,5daaf9bb9e9594bbfe85144e5faf9ec65d18b6af5871b22a2db115816fc3ec2e,id-ID
FAOA-2015-CH02-TERM-OCC-0111,FAOA-2015-CH02-SEG-0028,111,403,bijective morphisms!are invertible!in $\cat{LAT}$,401,morfisme bijektif!invertibel!dalam $\cat{LAT}$,61c68103ad11063af85b960a76e9f8424d8dee92d8f03ddc1394c648f4a6c62f,37f9c2789ac485ec000dd24be857a2e17f614d4e3034d20ca9b67fa85fc6b3b6,id-ID
FAOA-2015-CH02-TERM-OCC-0112,FAOA-2015-CH02-SEG-0028,112,404,LAT@$\cat{LAT}$!bijective morphism in,402,LAT@$\cat{LAT}$!morfisme bijektif dalam,411fb78a544a6d9ee394945216bd19acbf6d223288701b32a0bb62dad8b3fe3f,be93e519a12c54cfe7ac7a7a0f5d8c66f79656ccba0d0be05c4d11ff38ce9788,id-ID
FAOA-2015-CH02-TERM-OCC-0113,FAOA-2015-CH02-SEG-0029,113,409,homeomorphism,407,homeomorfisme,2db8df597c695e4429f8ad9286582343aa769f4bce8d8f74eea9d4b27288a998,76108fb0a97d1e19ef6c9d0853c170c403ecb60a92d4e897ec5963d206db9528,id-ID
FAOA-2015-CH02-TERM-OCC-0114,FAOA-2015-CH02-SEG-0032,114,425,covariant functor,423,kovarian!funktor,ccc4afb8dbd2d0040526f541d786fed34b60559df47fc6299bd9cb1c8da57609,8427786d63017e6cd4c23229ba6466bec14f23a08a5dc14e295440e0795e9806,id-ID
FAOA-2015-CH02-TERM-OCC-0115,FAOA-2015-CH02-SEG-0032,115,426,functor!covariant,424,funktor!kovarian,49d3523be7d6c4d0f0763c226a67dc4d71ff26c1c37ee5f494c1c51e77537c57,5e6aa56dc7cb024f3bd8c780326c76894cce061d67efd255d52a6ac971b4fa3a,id-ID
FAOA-2015-CH02-TERM-OCC-0116,FAOA-2015-CH02-SEG-0032,116,429,object!map,427,objek!pemetaan,df4bd97d302eaf6d3f96e7ef50f4912535f6a242daffedf737c0883a3ff9e569,3cc545bb56c8e5ac09b3878d3e7c783c27ea999aad0b17751bf9527a72d358a6,id-ID
FAOA-2015-CH02-TERM-OCC-0117,FAOA-2015-CH02-SEG-0032,117,430,map!object,428,pemetaan!objek,0b5f3057d6bc67187020576d71c4291686ea3357e00adfcd491d3cff53580c95,107ade63182d2ae01679a0bf76301cdac2996010ffe091e1eeb03226f58d360f,id-ID
FAOA-2015-CH02-TERM-OCC-0118,FAOA-2015-CH02-SEG-0032,118,433,morphism!map,431,morfisme!pemetaan,fbf84ae91cba0131faf32d8cb0edb2cb20f2167bd43c57f51ee8fd1a9d13cd3f,25e71c37b4697e55362939b0025927366e6c36c7250b68ce1178fa8d20020360,id-ID
FAOA-2015-CH02-TERM-OCC-0119,FAOA-2015-CH02-SEG-0032,119,434,map!morphism,432,pemetaan!morfisme,5c8bd9ac351f47e713fcc20f10aec03f2fc1af27432eb439c2b90558d539ffd9,cfebbb07a4219de75414349f4d98289f44e8ed3ea4cf2d48e2d7c65d7d710268,id-ID
FAOA-2015-CH02-TERM-OCC-0120,FAOA-2015-CH02-SEG-0032,120,443,contravariant functor,441,kontravarian!funktor,9026331501cb09c1bf4bcca6334528e7826e30133466027ad4c06604530030bc,821fe1cf4d99bcf56c6a98177919531fc12b904179bab9d4d98636a2b0d27f51,id-ID
FAOA-2015-CH02-TERM-OCC-0121,FAOA-2015-CH02-SEG-0032,121,444,functor!contravariant,442,funktor!kontravarian,946272ce5246d4d0994b9418ba29735f42facf4f6d049071d6e7c38a261f73ca,fac7f2bcebbc81767b74785ca7d910c21d93ac30439b0ee9ffd3db4eccf686a1,id-ID
FAOA-2015-CH02-TERM-OCC-0122,FAOA-2015-CH02-SEG-0033,122,456,forgetful functor,454,pelupa!funktor,719b1d728fda8f631bb4c1f18c1e22769e2a083cbef0a37441024fc6ac0fd87e,61ed1b6c3621dd0cfcdaafae351531a173c49bb1e872e03ba6898c3202a3c370,id-ID
FAOA-2015-CH02-TERM-OCC-0123,FAOA-2015-CH02-SEG-0033,123,457,functor!forgetful,455,funktor!pelupa,85355165319a14b74d19e9b2c5e86a14d846d2a655c989f15921b55e638d834a,58cde5ee31cc3d3fceb04316e7c4a32f5aea3b3b3fdff017d5582db0d4050198,id-ID
FAOA-2015-CH02-TERM-OCC-0124,FAOA-2015-CH02-SEG-0033,124,478,<unop@$\abs A$ (the forgetful functor acting on~$A$),476,<unop@$\abs A$ (funktor pelupa yang bekerja pada~$A$),a1fa0028c4ebf04c7083f1e392b94c1bb223b02a5f05e53acc9951cf7f990812,33f5c3ce42088f468c1aecf9c119a4f8316cc09ad353dc69e867ad2940155694,id-ID
FAOA-2015-CH02-TERM-OCC-0125,FAOA-2015-CH02-SEG-0034,125,494,order!complete,492,urutan!lengkap,c5c0703910ff518a5995710f94ff6be0223c4d7875bed9ca78945ccf4968ed64,3bb3c50fb1edaa0ed10351c1f76f5ffd47891263f691222b5ff5d5de6b30d05c,id-ID
FAOA-2015-CH02-TERM-OCC-0126,FAOA-2015-CH02-SEG-0034,126,495,complete!order,493,lengkap!urutan,377b826bfd3cf41b2e8555e2258f007e7d175b7eee616e5f7e73caf8cd3c48f3,4735523a604467fe8a63e373d180e561d26a8b38eb6bba64da7b4e964d712bc9,id-ID
FAOA-2015-CH02-TERM-OCC-0127,FAOA-2015-CH02-SEG-0035,127,501,power set,499,himpunan kuasa,f8c7640820a943139ee65f7a064809fa55ccdf5ee62181e5c97a924afadd4d67,410a41b862fe4889fd27ffc024f318ba8f531276d05933fc79229fe7cceb43c7,id-ID
FAOA-2015-CH02-TERM-OCC-0128,FAOA-2015-CH02-SEG-0035,128,502,P@$\sfml P(S)$ (power set of $S$),500,P@$\sfml P(S)$ (himpunan kuasa dari $S$),7bd8120651044b514405d05da12f72a2f2a8125d918e33ebccceb2d4d391812e,f2ae7390fcdc0f7d6a461c85bec8325458537d364f1c8c339b76297e9cf5ba63,id-ID
FAOA-2015-CH02-TERM-OCC-0129,FAOA-2015-CH02-SEG-0036,129,512,functor!power set,510,funktor!himpunan kuasa,f91c8dc772b159673cb3d4db16123ea8da7413b855ab26706430659fb3cfced6,ea6ad20ac9f697159dda4df4a95de5a9bec8d92643337bffe407926809a3c6ac,id-ID
FAOA-2015-CH02-TERM-OCC-0130,FAOA-2015-CH02-SEG-0036,130,513,power set!functor,511,himpunan kuasa!funktor,1c2da3d53eaa87c74d466cf1f5fc50143ae91cb3d38655efc090c318db68a4bc,83cc12e9d5cece784216e0a47389bff87fac3de75995b403a91c78b95e37106c,id-ID
FAOA-2015-CH02-TERM-OCC-0131,FAOA-2015-CH02-SEG-0037,131,526,adjoint!vector space,524,adjoin!ruang vektor,1bea86f3979ff9faabe93fd7d254ae610a8aa1b16e161c08c0e1099d4c559de1,71d3f01dc9182da075101636c593f037a24f351e61e194c57bf775f998ce4029,id-ID
FAOA-2015-CH02-TERM-OCC-0132,FAOA-2015-CH02-SEG-0037,132,527,vector!space!adjoint map,525,vektor!ruang!pemetaan adjoin,f6bafa5c886edf3c10a78714a923471e359ef76a8f3412923c8d741fe65e02f1,ef88eef7edac43a24e1ba04181b71809e29cc47f712eef37fe1083bb0ae68da4,id-ID
FAOA-2015-CH02-TERM-OCC-0133,FAOA-2015-CH02-SEG-0037,133,528,<unopur@$T^\#$ (vector space adjoint),526,<unopur@$T^\#$ (adjoin ruang vektor),d4f5df11b9e1caaab25a0dee31d8181a167816d255b060ecf3eb00b8d4491da8,d75a46587837922c6fcc6181deaf7b9178cd694f990253249d32b5db7ec2c14e,id-ID
FAOA-2015-CH02-TERM-OCC-0134,FAOA-2015-CH02-SEG-0039,134,538,category@$\cat{C^2}$ (pairs of objects and morphisms),536,kategori@$\cat{C^2}$ (pasangan objek dan morfisme),f0bc9c65f6fda36f3967c23996ef271161ce1721d8ba6dad60e1fbf01ab35f21,cf5a3bc968d444294b0b62278de9df678fdf3316826c263d532ef01806e36f54,id-ID
FAOA-2015-CH02-TERM-OCC-0135,FAOA-2015-CH02-SEG-0039,135,545,diagonal!functor,543,diagonal!funktor,c5301f2d7b8327e51531fc1c1ba955abf29b8b0756d5bc141a1a81f861e34065,c91fc5f93e86ae187eaae7da3e7619f460e6b674fb3cb5252cc9e9ce53621f60,id-ID
FAOA-2015-CH02-TERM-OCC-0136,FAOA-2015-CH02-SEG-0039,136,546,functor!diagonal,544,funktor!diagonal,b60721558fcdecedc0b37c6b91b8abd22fe7abdb819a84a7e93103922b387fae,8ba26e0e04d3d12abedbb8262eb9c8644d14d74b1df081290af17fb5a6955c13,id-ID
FAOA-2015-CH02-TERM-OCC-0137,FAOA-2015-CH02-SEG-0040,137,555,C@$\fml C$ (the functor),554,C@$\fml C$ (funktor),691670e929671700e33fbd47d6e48ad74ac4f76280df3221a301d92f411b2699,b645109886a1d0d859f4dd574970f53409dfe525d886f9319cf199b2249f9b1a,id-ID
