"page","filename","bytes","sha256"
"1","page-01.png","49000","16295cb4fc82ee6bc9af3c47cf7e73c4ee3591490b7cc34f57fc81c705f17492"
"2","page-02.png","179205","fa07f352a327e9e634bfc46563886171f37af3a8e6acb6372f482a8a199fd1bb"
"3","page-03.png","201382","3a4d0ce43abeebdf0ada0373542ff7df91e67345f6fd6d3bbf29fa343f7e2510"
"4","page-04.png","7944","abeea15a8f407e9ba59f3f43ccc17f9a3786ef7ad701507542008a73617f96e5"
"5","page-05.png","391116","f51809bd99f0e7d90ff34374cd25f610e8b92191236b9d85dda29633bc8e208f"
"6","page-06.png","442676","dbc1e504e74d1bdfd04a1fe13255fa474254ad1f7e6f67a4b61e40e915a39648"
"7","page-07.png","404448","64b67bf6f20910b097d8267217e8d7588c22aa21eec30470e0ce11b82f9758f9"
"8","page-08.png","398442","1ce2af1209fea93eaca11f6ca1fa027d8e9e7e89d9134bc0eeeba74b292e695f"
"9","page-09.png","396084","270305352d344c18b8ce8e6c53f5e405cff8788ffe1958e1e0d38f772d31fb09"
"10","page-10.png","356705","3ea07ffab11cc2028ffe432088a5bd23f99965709dd45d1b1b4ec1d9f51e4925"
"11","page-11.png","323838","e38b1932a491dde7edfd4348857dd88fa6acdf613df4a8ad657c631c7db5a932"
"12","page-12.png","331561","4a9792e4a806d636b40044d3f58548cb2345e76dea0cef5ed6cafb8c029d5a3b"
"13","page-13.png","340054","9ec02e53a66681252c78b7e6181165e3a4b9ad13068580b2109f6235df28f347"
"14","page-14.png","354376","d92927e7912999a110a24ea0bb8f91fe13619f33b485b81c654521457ef936a4"
"15","page-15.png","365505","ee42bc05d9d06eb954d03513c373f286f6baac94bc6830c62fe001e55f9493b3"
"16","page-16.png","343930","ea793bcbb6181dc8d44e3c771ca70667c3d1f1a0a8750fa680e7b0b4acfe22bc"
"17","page-17.png","432371","1e0793f7149671a5973f4c1c0389541728185125cdc21133eede35dde7fb4acd"
"18","page-18.png","429409","7dcbfd58c55bedda9191c539343f2fa5db399d98e9195e17bbec6271cedc101f"
"19","page-19.png","243999","561c8fa9f518f1c2ed2109d180f5c39a66503ba36be6e53374208de84180666c"
"20","page-20.png","7944","abeea15a8f407e9ba59f3f43ccc17f9a3786ef7ad701507542008a73617f96e5"
"21","page-21.png","368716","5a3e7439f08112f66a5e9c0f058ac8e614cfac2386cf85b4183cc3ec485ea0b3"
"22","page-22.png","435453","6dcff0b749f80cdb729dbe71a882d644634a6343af387ed94b000a68c0269d22"
"23","page-23.png","467484","e9d7a0c9c220f052614b80752ee748233116ff9702eb5777db04516c7bb0ea50"
"24","page-24.png","443446","44ae4022c73f7c176d9e4b610a86b393318c3630e8d0b53253be50f4d9c7eee6"
"25","page-25.png","436808","f7bfafef4a212b28c14128d306853ade03137def565db9abe34c1b9365485e1d"
"26","page-26.png","421187","66a508226357863097f0f56d12803097db79c4efca0a02b06e58a3d4db7397c6"
"27","page-27.png","342536","680bfc12d258c6978db1723c0521241ed3134679ae92bd1a3ca305d48e96bd33"
"28","page-28.png","393967","cd4ac8846be50a0eb4b675d0bd7c923007a4dd6365a1e61a47abfafa3150e26f"
"29","page-29.png","426036","482edb8fdbe10a061fac91bb41b80ba2be228c146c8f12546711eeec1454fe68"
"30","page-30.png","414975","64b8a4d4a31852e656477d27b9daeefee9daf44b3a99e1a30a375d46e5664ca7"
"31","page-31.png","426002","cbe1ef25e1b523ed6b1f9170208b1eceaa34cb4d952939fa54b3e33344757434"
"32","page-32.png","414606","b2be0e2c0afeae49e4b3aa13df16eb76d831c8070bc1a0f1d2dc154032e36334"
"33","page-33.png","372178","ef64182ff37cbe22343357e48c39e652e53f1c4185d8315e19ba3b1f3e28d440"
"34","page-34.png","432702","9a4899f638f44d422824fd26005797b2acf3b334aba7e3a39bf1357762605731"
"35","page-35.png","364404","ef4d53c46f72465563df27ad77b1684fe98590e6602969df259ee6c8d1b47f60"
"36","page-36.png","272981","c88be7df6831bcd199476165fc847ddc8ac11e41c66a5b7e34691328543aac7e"
"37","page-37.png","419010","ed1320de5f99a8ef926df495bfa0e5e103fe68670351c1e89dfc554241f7a0b2"
"38","page-38.png","384824","2e399b94ae2df35b8c1889081388d102b906b3f8e10053a8d73145ad5caf4469"
"39","page-39.png","363833","6ec673f071931d18d7295bd656f4c4be490fc2927aff1a341fcc11cad0524d67"
"40","page-40.png","443473","2c92441b977d5ae53a4643f2c3e98c0e9d6e2458efcec0f3785609bd4d93739b"
"41","page-41.png","408032","47030e90b60cbb2c45f08a81bd2969fab86bb764447e3051357754d14b7c1fde"
"42","page-42.png","380956","06a89bfa2bdd4f2e19b473093a0b6a3f75485a8e7e0a151b7ef3c2fc4832899e"
"43","page-43.png","397299","a51640e12336411487af92f8ab530a0fd4b6fe415040ef4364e6127bab8fc553"
"44","page-44.png","377592","bf62007c214904ee5df1421e36754176d8c13a728da7fbc0207a68607b7a0f26"
"45","page-45.png","430763","afc1ba5225bb56b1df980fc86c6ecd70b95fe2a355d95028ae0834a4c0b28433"
"46","page-46.png","471628","8d364ef3aa1980abfc8fcce0a8419c45ac2df4fa9549493b28dd1cef60672a8b"
"47","page-47.png","311875","5eb1722d6f5463d78e4a8cab2760f848586023eecdaac713c166661767c75d63"
"48","page-48.png","7944","abeea15a8f407e9ba59f3f43ccc17f9a3786ef7ad701507542008a73617f96e5"
"49","page-49.png","352927","295662de802325b22769e8dd3d353757f9ef9b205d04c635d5ae7f984e2070f6"
"50","page-50.png","351198","d57589799270648c272ff368dde741bebd50834245a569cf06af90872edfe11e"
"51","page-51.png","347508","80a92744c6613a3264878d176fce297f0336af7e295bd16665dbb17f742e3c36"
"52","page-52.png","381842","df1086e432ea194f1a864577cf3315f86f0aafd5d270585b3578b54bfa240425"
"53","page-53.png","324821","9b5d5908f9398d0d4367913ebe3d4d7755a18c4790b8bd713f6992503185b752"
"54","page-54.png","381874","959aa3b3c4ff8faedf921c50c09e7e60647dbef2e6f6b1117d1f5ae9bae17578"
"55","page-55.png","368368","ad78677c1c43fc0c9db42a262ad25705b6776e3a69d641d9c4142de90e330673"
"56","page-56.png","409461","fff02af0e05d8fddc91810f169326572d5719384f5beb27bad674df85b2417bd"
"57","page-57.png","393019","0eb8d6c7ccd8e03b7ccad971a5ea0c6339fb4c5e86e4538e3b05e115b1d234d4"
"58","page-58.png","385597","7ba3253f3f61da6c67004f470cfa74e5c84859026097c319fbb0c41b228eb02a"
"59","page-59.png","404310","a3d8c9eb3bba20c84989e1aa185cc4c761b4561fd256d0ecb4037a9374d01ff0"
"60","page-60.png","307188","00a477c577f06abf9a9294fb6e7bcb7c07182b73cdb08b5af41e81bb65442416"
"61","page-61.png","324134","2aeb408f234bce346c6cd8d8d3aa5bd6fd0f12cc986cb717f484aa91156d03a8"
"62","page-62.png","315253","67e2f12c3f65e2286b35c2133fbb2408c0ff13c6a36d1dc6de794712cf219aaf"
"63","page-63.png","318112","f43fab17ba0067f8e48244d0851b3470137fb0543ac871d8f632a4ac5a903b6a"
"64","page-64.png","329132","06578dde85adfdba154ec5ca00b6e8bf5131d9e85b610a8888deb0596a0d7fef"
"65","page-65.png","339293","031b86375c59a9897b03baa852708cac56258738317dd9fe7c39e9c725ed9123"
"66","page-66.png","386542","bf16703ffd3bb0a73171eeddac4d1f937aadb1da6301eb8b6427213c279a3150"
"67","page-67.png","351695","e8436a666b31caa5867c01dc7bb2cd4108bfddacfc8e8578c540ea679a5ff5b9"
"68","page-68.png","407380","a5e486062cdb995da3482ff32da1a22d3ceefcf1032359b02b9e7768013de472"
"69","page-69.png","323386","0bd399a6bfdb0fe8776142bc08228da10d30c288fe838b411b2c6823eb7c4248"
"70","page-70.png","364657","774122a85f11485a768d50d717cce3db666fce747eb976531372ddc7705b92d7"
"71","page-71.png","413330","44d022e7d07ce85881cefe3625711af5df85ae2e9df3c738a7c33a15bc4934a5"
"72","page-72.png","372559","f2ccd8f69aa670952aafd7e6d3057f3c1637ed2f6c9b1c44e5582b21e37613a6"
"73","page-73.png","381692","f5b310484ea7d128ec616accee6040d55461f8e93b00f7e23ab0577ef349a616"
"74","page-74.png","370817","bdd978f324326bd2304f288c2b48795c59c4a2faad84fd62a6292df1e805866b"
"75","page-75.png","372857","2c720069c9142be718c088e2a442955b27adc4e0dd48d39afe7fe9db8624e6ef"
"76","page-76.png","353509","52a331e8b56aa3d695524154ac5d298d3439d5a071e38cd3c9d8ba38861092c3"
"77","page-77.png","249669","955747411f4e416ccfaec31ebfb932d1fedce470653901f5b88daa654d84e389"
"78","page-78.png","7944","abeea15a8f407e9ba59f3f43ccc17f9a3786ef7ad701507542008a73617f96e5"
"79","page-79.png","249577","b2de0790609a5eed71c970aad7ae60c3fbf04739b6c56ba651baf8e125140a6a"
"80","page-80.png","7944","abeea15a8f407e9ba59f3f43ccc17f9a3786ef7ad701507542008a73617f96e5"
"81","page-81.png","333159","bafb9d60685eb412af414d289996c7803726f89c74f4e754d25916fb73e0a433"
"82","page-82.png","310954","f5a235dad6dcc66b33b857a9ef05587063477ffd9d1bd344fd48c8a41ba237f1"
"83","page-83.png","273520","4034a92b1af543110fa7d419f7ae09d5c7e840c94700f5ae6f839ad283572c35"
"84","page-84.png","262448","ecd912bccee7fe552b2361a653b4a49afbc5a8be7eb320605131ddc303b55106"
"85","page-85.png","279099","a469706ba0e4382055bc0f69c982758f9cd3713842275343ba27a9727eb23c0d"
"86","page-86.png","299579","e4a3e29393c9975e4af61a337b729be92bd547c6c0cc8e1e8508616478d56a55"
"87","page-87.png","267172","85d76f8367200ea44bea16b2d70c9994999608d5b74bab21c6190cb645dd1f5a"
"88","page-88.png","280599","51880bd613847e8a3a12beda0cf679cb8671a29cc3c6c85cd014dd79d0be5e29"
"89","page-89.png","271158","b3a33ed231c5b05481afdde88e96f094e36bde38f7cb75f34dbe86ae424c24b4"
"90","page-90.png","228076","d385429989f987394e96a4680c4a81cd6cbea7c227bf8ef683b6ebb0b0a64f5d"
