page,file,bytes,sha256,width_px,height_px,ink_left_px,ink_top_px,ink_right_px,ink_bottom_px,outer_5px_ink
1,page-001.png,40322,8de671ef0582655e48406a9c1fe114fbee0eb1752a5929c86ad7f55e80cf3f15,935,1210,138,123,286,648,0
2,page-002.png,173703,dfc9bd26f18f2c35d91884846ba34c4b9b3fc55faad5a0fdbd74cbcfcdfe4571,935,1210,109,134,110,621,0
3,page-003.png,164853,cbdc597a7419d29d9b30e689359fd8e52e47a7471beddc5babd9c37e5884a1c2,935,1210,110,225,110,61,0
4,page-004.png,195462,705a54eeac1c7ee517d380593e725f06032dda9f854865b6c405fc0f110153cc,935,1210,110,74,110,87,0
5,page-005.png,102554,8a8d229392658bc676e62029ad4ef681557fafe383734aadc75d9cbd79f0d742,935,1210,110,74,110,573,0
6,page-006.png,5069,a661ea84d1a7854b4f3122f407cfa8848d51cc4c6c1a7a02d489a13a70e2fca4,935,1210,,,,,0
7,page-007.png,300821,2628be2a11dc1cd4d9aff640b05097c4d873a3b0089c14ceb4021a4d5897f696,935,1210,109,225,109,61,0
8,page-008.png,259610,f96cc6928d017f8a82438b6b2e45f56df15cef63b9116a5b75e083cf22835506,935,1210,110,74,110,387,0
9,page-009.png,81045,1fd904cdba226ac34d77bd75c498cbb33dc50229ba272a707318e9a8390bddbd,935,1210,110,74,110,512,0
10,page-010.png,62154,e0226a723bc1f27bd61be79db2ae12ced0565a8f63d8d17172224434114bf302,935,1210,110,74,109,381,0
11,page-011.png,101804,3ef4deb2c8edbd7f55845bff6c6d07fc035121b50ecbe20780c095663d70f874,935,1210,110,74,110,514,0
12,page-012.png,279165,2e726b4fb75a86d762c53af7b7bff15bf084402e3c5c822a2dd68736c14684a1,935,1210,110,74,109,78,0
13,page-013.png,301811,573b96736c5795e20d51b174ba9908e63e8a997a6408e782d71a9c2999bd0798,935,1210,110,175,110,61,0
14,page-014.png,337437,c8334151f7524228771ca82f689459c05965fd4f9661b907904a9891895ea0eb,935,1210,109,74,109,84,0
15,page-015.png,303435,eae18aa8f397e18d0553a9457a18f628be4686fded5aa6e8af1692c885826181,935,1210,110,74,109,83,0
16,page-016.png,295720,d3f9ad4882c642e0e9ab1327b6df2d5487009426b4cfef130ad14b5f586fcbaa,935,1210,110,74,109,84,0
17,page-017.png,301316,c8f569533300b34b95fd1bff1b9e59f772966b6a33eec485c57aac6fdec5e9c4,935,1210,110,74,109,84,0
18,page-018.png,276128,f32b9a60bd4d59100d8b30c5d6e3795616abaf4cbc715dfd2bf506e8104d13c5,935,1210,110,74,109,95,0
19,page-019.png,248245,57cd420836f5d4b4f10d346eb08a45dc728583b4c3a7cf42bd9e2707a019fcec,935,1210,109,74,109,84,0
20,page-020.png,246529,93ee874c7f1cf6a155046001412415ae3c3cdb32cf77cd32fb971727db0e3e92,935,1210,110,74,110,84,0
21,page-021.png,252618,39bbede9d78471d27b9fef6ba0862d4e07f56ae2aa154a329d3bfce6c8f52709,935,1210,109,74,109,84,0
22,page-022.png,261700,0e8f9a327d5c846f4b02c5a177aeaf0e442fdc16c9675351895af383333e1216,935,1210,110,74,109,87,0
23,page-023.png,274163,359b891d7abb7b7b404c196240bdf5b46fd89d205ee47db9c8332c37bf893c95,935,1210,110,74,109,87,0
24,page-024.png,257335,5db498307d031609030291d5522324e5cc82d8092a816972d3665119545a6027,935,1210,109,74,109,84,0
25,page-025.png,323751,fd7e84191556103b6b10660f6854ee08ec3dbb1a1ee0b883b2f7202c54dfad23,935,1210,110,74,109,84,0
26,page-026.png,320275,1d952f1f2fecab915d8b169deddbb598f71c3c6718e6d8ca12ebcaa2d6656ce7,935,1210,109,74,109,84,0
27,page-027.png,181735,c0a06c2a452510559880a798805a3ddafd0fd9d4efbc8bec8929eb50be53340a,935,1210,109,74,109,456,0
28,page-028.png,5069,a661ea84d1a7854b4f3122f407cfa8848d51cc4c6c1a7a02d489a13a70e2fca4,935,1210,,,,,0
29,page-029.png,279928,13bbf9ba238b728f462fd0d71324f292b8a142288177dfca70367fa175c6151b,935,1210,110,175,110,60,0
30,page-030.png,325519,b4f09fbbe6c4792fed3e1c1a887d732db3f7e996713b5bc7a32d6ef606337985,935,1210,110,74,110,84,0
31,page-031.png,354155,1f4ff9d2173d824734299b44d997508568670ec693afa32e83b5ff09a949980c,935,1210,110,74,110,84,0
32,page-032.png,337096,4ba38a1c2833b38438989d0e346c02a24627b9e92a7fa0024f3eeab9931eff29,935,1210,109,74,109,84,0
33,page-033.png,328348,c3bdbb515b6e06f82a8d35fa81349ec31d582ad7a307348bb6cba5399d3115c8,935,1210,110,74,110,84,0
34,page-034.png,321529,533095de85bb05b774696d1da5e309d02a41819305b80df715eea4828cd4ff37,935,1210,109,74,110,95,0
35,page-035.png,255478,a45b25d33a7c3ebb96216648826a06534d7d9feb0d07dc3464ecf41a55a8fbd6,935,1210,110,175,110,60,0
36,page-036.png,290435,2ef9bfad0940edcb99aa90958d87d1ac60dc36c6d1e570e7005da2f71b74aa5c,935,1210,110,74,109,84,0
37,page-037.png,317391,e124e6e25631a4659518b9a1690532dbf517065bed627217388bf9676bbb0431,935,1210,110,74,109,84,0
38,page-038.png,300853,4c55107ebbcbdd94156f857a36f2badf289c79609d1421ad3f6a0d6a39a5d220,935,1210,109,74,109,84,0
39,page-039.png,322667,9db258011f0c8424d40deb78cd10446fc669a3f33f55aee509c545bcbcc88a0a,935,1210,110,74,109,84,0
40,page-040.png,312976,1d7ad7ed74fed5f964cf20849137b2148c41be04d200a1270f39dd361c68529e,935,1210,110,74,110,84,0
41,page-041.png,278046,73f63b7b7e59165eb0ccabab9aabcf0601710b2fd1b9bcd4fc12327a0f1f0d36,935,1210,109,74,109,84,0
42,page-042.png,327639,7167faf66189358f1e95fdb46028e42f22156bc29ade0c7e293580e04866fa6a,935,1210,110,74,109,87,0
43,page-043.png,276008,e1b8ea63721d6368e26cb3c609eb99a53be8c39e1bc6e8d4b1b34d7ef61faacd,935,1210,109,74,110,87,0
44,page-044.png,202355,2843c2e79a7945ee5572b953999e906fd41103e53847067b08e38fb7bbcec8c6,935,1210,109,74,109,84,0
45,page-045.png,317191,0dd5e1c87bae842d27894fef79d5892f45f3a0cdfb02383fe7a15f531b5963b6,935,1210,110,74,109,84,0
46,page-046.png,294768,31a9412fdf2d089810626a8e72c23af37a24ac857a52b1059a71752d2c6b3a13,935,1210,109,74,110,84,0
47,page-047.png,265571,982adb5559379ce72cc8f40b62fa01225754b8f0526488a5510725fbe26d730c,935,1210,110,74,109,84,0
48,page-048.png,328521,86f7087cf0b940306a876e0869860de35ac8497495cc437ea5e555b82e4fc7c9,935,1210,110,74,109,84,0
49,page-049.png,308312,078b1164019bf6e6cb1c6ce080b93b85412647dfbe14ff0bbbc389a6251e7eb1,935,1210,109,74,110,84,0
50,page-050.png,280752,e48ce212544e224d3aa536f86cd9eee5460fd1a9ffea120fe39077a374ac773b,935,1210,110,74,109,84,0
51,page-051.png,300332,38efa86ecdef4f7745b7bad36012a958333112f3ec1b2cbd03e23c263ad75c4f,935,1210,109,74,110,84,0
52,page-052.png,283369,cbf9659188d569bea7542afbe456d8eb2e5ed722fa8ceacf04b9aef92e9a1e48,935,1210,110,74,109,84,0
53,page-053.png,321005,aeb3d7fa1e849b301008573b7784700bd07f6efc0a561f1f11ae69b7b2c378aa,935,1210,109,74,109,84,0
54,page-054.png,355392,2b4e84b80fc3637640de803b0e637bfc1f948bdbb161b83f00aa71e2c81c5df5,935,1210,110,74,109,84,0
55,page-055.png,231250,143c41743f5f373ce4d3eb87ef4c961633f5d3db133ad831c1555921e2ad355b,935,1210,110,74,109,328,0
56,page-056.png,5069,a661ea84d1a7854b4f3122f407cfa8848d51cc4c6c1a7a02d489a13a70e2fca4,935,1210,,,,,0
57,page-057.png,269714,3836abf1a71b5e33dbda57a3cf6a8816ae9f49f87b1f003a1d9b9aabae2cfad1,935,1210,109,175,109,60,0
58,page-058.png,259865,bfb8e8e0c33b625ac43571d430f4304766265d3a1bb9b7cbde9fbbe9e2344666,935,1210,109,74,110,83,0
59,page-059.png,257716,773f410aba3bdd871cafa8f9247a78dd18cfed7ad086db3ff713ad305760db94,935,1210,109,74,109,84,0
60,page-060.png,286922,be7f8d85d923f44dfe7519cc93301beeff136050c80e9693efb3b19b6dfeedcd,935,1210,110,74,109,87,0
61,page-061.png,243037,06e7850d3b54fa3ca8f1b578412521fd23f3d2f58bec196ab8e5aa9d8ac0861d,935,1210,110,74,109,83,0
62,page-062.png,281420,1be252b8a8443be0b7f4779ef59bf2964e293ff7ae364981893d391199f07aa7,935,1210,109,74,109,84,0
63,page-063.png,272181,562598f39fe0e29dbddaa937243c07f3a23af416db9da45a79d340294cc90c38,935,1210,110,74,109,81,0
64,page-064.png,308524,5a8fd3a730965432e1798f879d9e0be023e9e505d01dabb036fab6f4e1efd6e4,935,1210,110,74,109,84,0
65,page-065.png,296143,31412a012f949bb79ea2f768d3cfa03035e8d10691a712a4ddc9b8117f814662,935,1210,109,72,109,84,0
66,page-066.png,284583,281d6e59f7b93a2db0e69332119342b6d7ca5b16ce991885fefb17161a585ad0,935,1210,109,74,109,84,0
67,page-067.png,307409,0b8b7dbdeabe3810a43ecec1075b60768f72a47b2dffa3c6956ace75613c53ce,935,1210,109,74,110,84,0
68,page-068.png,234101,6e415ce189f6db514f301fe591b47a266360895d64bc4a35cc890ef76b902616,935,1210,110,74,109,84,0
69,page-069.png,240706,720d8a611a030f9da59a8a77b30dc40e18b3ff57d1d5fe6dc44877f85c26764f,935,1210,110,74,110,84,0
70,page-070.png,237552,72326444a0548bf9df48fa74d45dced0ac7290f866670eacdbe51114f1288bc4,935,1210,110,74,110,84,0
71,page-071.png,240702,ac27e2848bb690cb5cdbe3961a2d8092316c9b4da966ff2252dd6cdf377df29b,935,1210,110,74,110,84,0
72,page-072.png,247694,bc0cd54f834c50677df0984ac572ec3dc883cc80ed7842242228c5960ba6e261,935,1210,110,74,109,184,0
73,page-073.png,255725,bee21b742fad27ccd2011951edfbbf13fbe0b9919ef19f146977a02b028d9e0a,935,1210,109,175,109,60,0
74,page-074.png,287390,ff071357dd46b3efc8d9a9f4d1fdae0c178dd6d23f6f9434cc40e6726e3e7243,935,1210,110,74,109,84,0
75,page-075.png,262210,c1096f45f01d943c914de0b2907b95194ac8fb23120da7a3ffee17fa49caea19,935,1210,110,74,109,84,0
76,page-076.png,312233,a63c621f2c523877528ae36312622ff857631908ebf07b69e3b660c2683d6953,935,1210,110,74,110,83,0
77,page-077.png,241098,30a9cf5ebaacea262d77dec4c6c4b34f567a676cd97fcc0385705622ff00e003,935,1210,110,74,109,84,0
78,page-078.png,269134,3f1cb2f69b9ad24d93fb9cccb34ed94f21efeb51c57cc739b78e866c28df9260,935,1210,110,74,107,85,0
79,page-079.png,306180,052883e8a9fce32e83487a96fbdf8931e324e0a1425d1266d0ead4cc5c7ba760,935,1210,110,74,109,84,0
80,page-080.png,281172,64fc7b323048c01fde52ea85222222810b878639d8aae1443f0a2f6ebb1a18d7,935,1210,110,74,109,84,0
81,page-081.png,285840,82b0f11457bb3f4d2f348c2a9e7735319d6e413ac35d7770dd8c3fe571578493,935,1210,109,74,109,84,0
82,page-082.png,269733,b64cab03c4e172e854df1d9591d0d038bacecb181359345292c9f4f0baee6ee5,935,1210,109,74,109,84,0
83,page-083.png,275663,3a738e469cb645489b40d0ed59f8de489a1e51a2ce489096e8349edded2fc878,935,1210,109,74,109,84,0
84,page-084.png,259760,150146d975ff49fe3563a402387aaa43bc499881a1c91698e78c0b0c571ccb2f,935,1210,110,74,109,83,0
85,page-085.png,186418,e223644bf9ccb889d83cb73699177c882ee86cd9bed04ef766e049fc896ad95c,935,1210,110,74,109,602,0
86,page-086.png,5069,a661ea84d1a7854b4f3122f407cfa8848d51cc4c6c1a7a02d489a13a70e2fca4,935,1210,,,,,0
87,page-087.png,236624,dd81f7701a2a1ae8fbd7a843955c120183aec3f0478a6701c07e107bbc9c7bea,935,1210,109,175,110,60,0
88,page-088.png,283632,e135b15b2c8aeb3db97dfb511d8ace4f71958f9e3222bba3bc1c98c63ad3af7a,935,1210,110,74,109,84,0
89,page-089.png,282854,5dc053b271546434c9fd44ae0f3fa1a679b167c8fa9d26a8d1596ff0164146ab,935,1210,110,74,109,84,0
90,page-090.png,305770,d4de386fa9ca901ccd1d7ad345f6dd76fffb2ec5e09f0b162128fb5e1bdfcd88,935,1210,110,74,109,84,0
91,page-091.png,346073,e97e84a3ddf9965ff17bc2f6d84a85249b69cbf42cf15bac11852dcc961c1598,935,1210,109,74,110,84,0
92,page-092.png,343542,302b69c29a27c43808ed6ceecf33b1085d81c2f92a4f3b5fe95997f2a90b1970,935,1210,110,74,109,84,0
93,page-093.png,305404,0661d51fe1a9683a8e9944ec19d682e25815c452663f8fdd8f5ddede4beb8ecf,935,1210,109,74,109,84,0
94,page-094.png,295068,8af6d46c9027e106ddd8291cfcb59c0e8d382d041a5b346b1622cf47cb49044e,935,1210,110,74,109,83,0
95,page-095.png,281488,42d0cb3157887f797ba4ac54d11754e2d3bbe2fc717423f6dd37f8f3258b3749,935,1210,110,74,109,84,0
96,page-096.png,270684,7ac843f3bf170ce712768b38e3570cd0a5d1b438344c4fe8bf2e6f68f9b50ca0,935,1210,110,74,109,84,0
97,page-097.png,214399,059cda077c4205e1687454155a57a30ea4742c9cf9722eab6b0fdec4bf9b6155,935,1210,109,74,109,84,0
98,page-098.png,187019,9ad160c6f1792a77e5daaaeff11739a10d018ec4d07b4e4b1670e8e0106da987,935,1210,110,74,110,84,0
99,page-099.png,352408,ae2de12d186eea08c0d0816f6cf6b6e6d5d42edb9525096ee883e263308165ae,935,1210,110,74,110,81,0
100,page-100.png,274824,968801fafddf3249c8e253301652c5fdb10f560b74c99026f5ffbd34731e7aab,935,1210,110,74,109,87,0
101,page-101.png,302245,9e0c16ef6a9d41f54087ddc61735a5195ee7c2a367e752267f7a15e679e2279c,935,1210,110,74,109,84,0
102,page-102.png,232855,53698652d37cd0dd4401adbd62d5fa292a673e0d8efd8bd09ac5c431f3560a5c,935,1210,109,74,109,83,0
103,page-103.png,257363,02aa6f76ec17c89e9934a0e37acca326bf5a025cebfc828a4b1814875c4baec3,935,1210,109,74,110,84,0
104,page-104.png,310457,42b3a7e2337ee2a962df1cd796ec4b09ba79a4b85bd91080884b010427db2367,935,1210,110,74,109,83,0
105,page-105.png,320951,5833ee61f4b35b6d8788d1229b6652893be163ae83eb763cc8d507885946ce88,935,1210,109,74,109,87,0
106,page-106.png,305430,bae88dc667dcb2eb6fe64a93485651b8e565b149b6269004e0b4109454328c80,935,1210,110,74,109,84,0
107,page-107.png,29902,67d2026791734f68824546e71bdc49b50305e41c60a53abb4e56600c023909d5,935,1210,110,74,110,1022,0
108,page-108.png,5069,a661ea84d1a7854b4f3122f407cfa8848d51cc4c6c1a7a02d489a13a70e2fca4,935,1210,,,,,0
109,page-109.png,255721,d63683701ef505da724c735380b4d4115092259564818e3d568a5e069ee0c8cb,935,1210,110,175,109,60,0
110,page-110.png,276048,89934a4e01b8169294c1546e12d16a5d40eec995507fe41314d90b9a63a2f9e2,935,1210,110,74,109,83,0
111,page-111.png,348918,c9faddd9144bba594a516b8b173c2edeac44f30ce192c1f70b1433ba936fbd70,935,1210,109,74,110,86,0
112,page-112.png,278781,9f9d0e19cd6ac5b4d340c0c16ab71bdfb1eedfed7af3371ccff974bc98211806,935,1210,109,74,106,84,0
113,page-113.png,259551,62e08ebf6df652d9a72451eceeb6191ec3e8e46a5591b20ef179f6cb931e11b3,935,1210,109,74,109,84,0
114,page-114.png,133225,1e2312fe1d696163e94d6734bebdc81b2746e6a9150c670c389eb20fe698e7da,935,1210,109,74,110,644,0
115,page-115.png,216304,d7aedccfcf392b8148961d5463145b4447338159a1c69dd7023acddf51f360e4,935,1210,110,175,109,60,0
116,page-116.png,275063,28ddf2aa85353b6d84a683fdda1309d3c8c6d26d5e853215c107768383091a78,935,1210,109,74,109,87,0
117,page-117.png,265936,8767b525da39b5e22df8d55fa5375b413d40507b9f05ce6a2176da3ee48982f8,935,1210,110,74,109,82,0
118,page-118.png,296957,300cf9dd972f69e7d363d1460bc8289ebb4632da03b8df39ec482f9daeaf37c3,935,1210,110,74,109,87,0
119,page-119.png,250266,82948fc596e2430f6a4d0f4c5d4031ce8cc5c7651d1b1a28c901e25e6128d082,935,1210,110,74,109,81,0
120,page-120.png,310825,dbdda550465bbaee7d008fee6eccc56a83632f1b9741ed3b38655a497caf491e,935,1210,110,74,109,84,0
121,page-121.png,183824,0f6e7862287b96d70dcd8925c9860dd2bfccc24daa66189d44b2b6e9caa64523,935,1210,110,74,110,338,0
122,page-122.png,5069,a661ea84d1a7854b4f3122f407cfa8848d51cc4c6c1a7a02d489a13a70e2fca4,935,1210,,,,,0
123,page-123.png,250474,1a89be5ad8d544c469711483b75aaf27d23a1b1be8961564588a21c0464b9232,935,1210,110,175,109,61,0
124,page-124.png,327287,7fece2a5e0a42223fc0530d4ec09fec27a7769585e484e4815c0c8d51541aa9e,935,1210,109,74,109,84,0
125,page-125.png,303804,1f0d2fa94b058723b42a07e5c5cca71ee75c2c744150ca164d9f4db55227919d,935,1210,110,74,109,84,0
126,page-126.png,281626,3a5b3de30384c101a1d115efb674f153012ac09515b808818cf48aba2decfe64,935,1210,110,74,109,84,0
127,page-127.png,285572,5de53ae4ef91561e5251e040a153563e6afaba4c464f74396f8850d4159fbdb5,935,1210,109,74,109,84,0
128,page-128.png,314756,1a56c0ea50371008da181bba6068abf68281d8b488b7784b5baa9bd6b2e9f857,935,1210,109,74,109,83,0
129,page-129.png,287445,584387d1d39f43a9e231312d74d8ff5df4c04d49343c8d97704b9fe4d0de8702,935,1210,110,74,109,87,0
130,page-130.png,257242,1c241fc290acc28cd75932256d9134294b8ecbc370dd7abfb035a6b550b335d0,935,1210,109,74,109,84,0
131,page-131.png,294013,807fdd67d8ff22f74cbb851cdba58be1dff7e4a9fa39bdb9508af8ef10a86cf4,935,1210,109,72,109,83,0
132,page-132.png,113591,27c8ce0c2285ba752f4e35b67c791b42a58999762cf3216aa71e4f6a3f9bdcf6,935,1210,110,74,109,745,0
133,page-133.png,168931,16be96eb69ce16934c5509c3106933727a1e9971863dfa06aa60da2566a38301,935,1210,109,175,110,61,0
134,page-134.png,303161,779d5bac93b8c2f71a3871b4ae769f74e06d031daae4bea02f638aa3481f45c3,935,1210,110,74,109,84,0
135,page-135.png,314095,9eca5e548c6825087e9d9ebab834d1bcbcf4ef74147ed830dc32d3ef892d4649,935,1210,110,74,109,82,0
136,page-136.png,265695,dc0219ddd16b1e2c2c464f1159624bf1dcdc9b2723d95f5492d61eaae508dc6d,935,1210,110,74,110,84,0
137,page-137.png,264177,447bbb76ca8d4d5f87ab0b1857131e4b892606225adfc9b441235fb354481049,935,1210,110,74,110,83,0
138,page-138.png,262470,08e8ca067f55ea54247111569f68732b44e4a33dc9848cb3f772c0e374dff19e,935,1210,109,74,109,83,0
139,page-139.png,253766,9e9a3a526093f7bd467dd1470ea5679226a3c44cb628d4a8d0244e8e14a59fd4,935,1210,110,74,109,84,0
140,page-140.png,248591,f17d988e45af122043056b970943a968a89f1dca10652f79704fa6906614575f,935,1210,110,74,110,83,0
141,page-141.png,232417,9cbd2d76d2d622678ed4ff791e25ab97bf76d3362956662d9d1c16c319dcac71,935,1210,110,74,109,84,0
142,page-142.png,262691,e2d6e68bc3f2f61ac8b19b7b7cecc3b6b663ebdafdb86c4ec051c6d9e96a6342,935,1210,110,74,109,87,0
143,page-143.png,236642,e0ef6ee4a75939506b8065f73e119cee777bae11c9584e924dc9e4f776e9a882,935,1210,110,74,109,139,0
144,page-144.png,5069,a661ea84d1a7854b4f3122f407cfa8848d51cc4c6c1a7a02d489a13a70e2fca4,935,1210,,,,,0
145,page-145.png,223965,a1d719fc435f0c48fadf79a5433c4307b63b7f7c14f9a25406715bf0540dcaf0,935,1210,110,175,109,60,0
146,page-146.png,256741,8dd0fef2da934ecb6928990b4a1308dd90491cabe07f41b9a1a4519cb941ea59,935,1210,110,74,110,84,0
147,page-147.png,254237,739b20e7c1773acf9055ba218a35cb8938dcb8d060df6899c5aa0f1b831bf968,935,1210,110,74,109,87,0
148,page-148.png,285962,66b3d3ba8a8744c64f42aa7ed915c74c5ec87606c98795b039de0f38ed5c4cfa,935,1210,109,74,109,84,0
149,page-149.png,260688,af7f90868a47b03b824caf52c10c34e76a5736f750c9e936ef3b6c2534362545,935,1210,109,74,93,84,0
150,page-150.png,231334,3e960cef49386e26805581590cab5cf20633fdf4ac77195925fdb836491b6719,935,1210,110,74,110,84,0
151,page-151.png,268020,e031e98149a45dd146d4d3467f4a948ddfcac08f7e1ed5317a8e469687f64dba,935,1210,110,74,109,83,0
152,page-152.png,296291,71c37cc5124f4471f5643aaa53575b13873f0a5ce6812ba6b8844b02de0174f8,935,1210,109,74,109,83,0
153,page-153.png,266444,4a0d9f4583ea77cd10c3fa6a37336a8241d84ba0713a3409425a323706298fa9,935,1210,110,74,109,297,0
154,page-154.png,5069,a661ea84d1a7854b4f3122f407cfa8848d51cc4c6c1a7a02d489a13a70e2fca4,935,1210,,,,,0
155,page-155.png,256436,d72d9f2c671afc41e2a6586d59e7ecff0d090770d3988fb5bcf6fe9cc0607e4b,935,1210,110,175,109,60,0
156,page-156.png,302081,09fc2b918f51fb65356ae832e66020afe12b97a8448f6435b6c75583c6595c95,935,1210,110,74,107,84,0
157,page-157.png,299802,b54c50cc1804fe11a436b709eb62eb2039424e0da899e148143a710b6fb7dde4,935,1210,110,74,109,87,0
158,page-158.png,214702,d203c59771675245534b2055e2c4244c811b5279e6e00260fa4d05d60adb2b5b,935,1210,110,74,109,84,0
159,page-159.png,229507,b2197b8b6ef56a133337e8ee38bcb2c6e4c5224f9d78f3021d4c124e28898534,935,1210,110,74,109,83,0
160,page-160.png,227799,1e3bc7e8a7b271a5f1152257d529f1309eae100f0f06d595718970a86c51622d,935,1210,110,74,110,84,0
161,page-161.png,295765,1f5f050587a9bf867cfb33b0013b608a1216b9e1da7465b448855b18336c6570,935,1210,110,74,109,84,0
162,page-162.png,237437,1ab2ea7215a6294d9b6745b49dd88536ba41179992e1846b849bcd515a9b5e5b,935,1210,109,74,110,84,0
163,page-163.png,236822,1a9b2014a326b91f243a519056a53388e6b897e95a794944aea09a2b7ba1092f,935,1210,110,74,109,84,0
164,page-164.png,281341,46fc1ceff55dccf560d217ecaeb15d5c40f2020fcab368fa33e7e7f03b15cda5,935,1210,110,74,109,84,0
165,page-165.png,278636,5978275c41e3563976958293bd739ab4e7610dbd2e9370d8bcca33cd4b4278eb,935,1210,110,74,109,84,0
166,page-166.png,254560,398b40d2b10b7cb5f5d402751d26364eec7dce3ea6f0069a0ae11617fe0ed8ab,935,1210,109,74,109,83,0
167,page-167.png,218131,2d8aca899e771e66473b86ceb9cc017fb16ae41c8062e6745573ce2925b2274f,935,1210,110,74,109,95,0
168,page-168.png,5069,a661ea84d1a7854b4f3122f407cfa8848d51cc4c6c1a7a02d489a13a70e2fca4,935,1210,,,,,0
169,page-169.png,227239,6f8561fef0956ea6922337f50be06a4a1cbb96451b757f1a0e2b47fe4a7c2c15,935,1210,109,175,109,60,0
170,page-170.png,314465,d2090cb9fe990b959c7284ffe8c3ca058d11d862329f304ca798df5fe44ee00d,935,1210,109,74,109,84,0
171,page-171.png,308569,171a72f018a4178468b28773c661f17d9de4ab297cdf68f19693254800ee92c6,935,1210,110,74,109,151,0
172,page-172.png,5069,a661ea84d1a7854b4f3122f407cfa8848d51cc4c6c1a7a02d489a13a70e2fca4,935,1210,,,,,0
173,page-173.png,287855,aea74cb820f7420c8123c42b60d766b466d375979d37238e3f388cdcd8f875af,935,1210,109,175,109,60,0
174,page-174.png,258696,d51d7af2e6a28f4dab903c3396115a91dad30f652304c7b245d27b74bb0b9e2e,935,1210,110,74,109,83,0
175,page-175.png,270266,cea49601c7363c1f297976e8b14e93dbb39239b0b6f1bc36a7a5ad9b80cbbe0a,935,1210,109,74,109,84,0
176,page-176.png,275480,f111d42e3fce1727179fdfccb2ba6316570d3a65f894e846a82ed3391b78d52c,935,1210,110,74,109,84,0
177,page-177.png,289819,408b00c4ca067ddf902297d7edfa0626b8a75e4aca491f3665ebafd13acc6526,935,1210,110,74,110,84,0
178,page-178.png,281245,778ed6624f742fd41dce8435ccb867171688d2165ee0f9b1d4fc513c89fa0a22,935,1210,110,74,109,84,0
179,page-179.png,367730,2513326ca1da8ae418d1915d1de6bc7bc379562b644c1e738a826d14a9567775,935,1210,109,74,109,84,0
180,page-180.png,200132,963bafd03674663d0aad45a1bfcec13fed2fee28393b94c7db826ec59b63c8da,935,1210,110,74,109,492,0
181,page-181.png,207116,059d13ed5322561dca62c52df6325acbe359a861e9f495b2f02298138e4ba9e0,935,1210,110,175,109,60,0
182,page-182.png,231187,98b860d517b6297565765036b4e8b800dd07d57c741a8a376d8eb9809f1f9751,935,1210,109,74,109,84,0
183,page-183.png,303515,0e8d26bfa604fcd62582fae0fe202a226cf81eac1659e37cc657a0f36e8ce3f8,935,1210,109,74,109,84,0
184,page-184.png,259470,0c2eba4052ffbe77c22fcbad4be73c884295842c519f8bdcf73ad645a83c9b2b,935,1210,109,74,109,84,0
185,page-185.png,222066,d9d158f9e6d8454bfd91df0a42d4c84a41afa06c05e3152293748fc8f12a22b7,935,1210,110,74,109,357,0
186,page-186.png,5069,a661ea84d1a7854b4f3122f407cfa8848d51cc4c6c1a7a02d489a13a70e2fca4,935,1210,,,,,0
187,page-187.png,246274,04f81931c43772c3a8dce8e0c56c41b053eda8574d1b8295db6c560012b78e83,935,1210,110,175,109,60,0
188,page-188.png,285309,a05d60f3a1e406bd74d4a68eef111ac9429045ff9a2aa08cdfb606568914790f,935,1210,110,74,109,84,0
189,page-189.png,267704,94be1326c9c34e428093b42e388325e932a02b2a90a98fce484995ce1e7bdc6c,935,1210,110,74,109,84,0
190,page-190.png,346239,71da8009e6c2d74c0bf4caa5377747ff9557c0e8fbd20cc9e37a3ffadcd809ec,935,1210,109,74,109,83,0
191,page-191.png,274405,32f0070cc6409af1a80b131cea7c83937945061eb27a72440d50dca564cdf970,935,1210,110,74,109,84,0
192,page-192.png,157124,082c5a5f87550da5d242006f92f38e9a9e56a3afa742afdb3d620bdf1cf3c4e5,935,1210,110,74,109,87,0
193,page-193.png,274347,a40bf3bd5d87dc68f2dbc94d622c4c474e3fb24feb248f6a37f3b58c0c4144f2,935,1210,110,74,109,83,0
194,page-194.png,280335,fd314d1f78eab0285410016bc8ebbd0f48a4b2ce15918d7acd65ee0f5b8243ae,935,1210,109,74,109,82,0
195,page-195.png,255118,29a530b7dd30c58a9d31d2333dca6947a37cbcdf961048879630d107ad7effc4,935,1210,109,74,110,84,0
196,page-196.png,288123,bb162d3ee34c8c4873fbf575fea4119898b20ed2bb04bb0d68c93fb72a892241,935,1210,109,74,107,87,0
197,page-197.png,205935,5147765d7133009494888b88b340dae41c0468f541a4c82a2c9db5b59a3c5acf,935,1210,110,74,109,97,0
198,page-198.png,5069,a661ea84d1a7854b4f3122f407cfa8848d51cc4c6c1a7a02d489a13a70e2fca4,935,1210,,,,,0
199,page-199.png,258883,4d2d77d0c58eb40d6f0a1396dbad54606abfc7b0291903ac7bbb76aaacf9cfc7,935,1210,109,175,109,60,0
200,page-200.png,298643,f986ce01b8075c650893bb4dd90224721e06e1b73faa0af4b507fee8aee7a1e2,935,1210,109,74,109,84,0
201,page-201.png,292655,f732c47a975d16c4c7fff78cd75be5674ab9be9c89d9623e054f1317064afcc2,935,1210,109,74,78,84,0
202,page-202.png,237336,f9cccba2090d6e818d36930961f2b5b8959d4df54042d3a386472a2930f0ee8c,935,1210,110,74,89,83,0
203,page-203.png,218226,598a4f4cf40fb1c024f30861da81879eeb57761de37d2e42f988410fee2ce09a,935,1210,109,74,106,84,0
204,page-204.png,250974,faaab1b2d56ce34b1fe1cd9e28713073b86d44e05f89c987f79012d7d7a059fb,935,1210,110,74,107,84,0
205,page-205.png,246086,9bd1744ea3809a37a9f4c59e44d4aff30076d725a9347765fe1973515403e5a1,935,1210,110,74,109,86,0
206,page-206.png,253655,7a4b0ef0e05ed0c07273f864a1ab2749966f254e6db4c55264c12b5b365430e9,935,1210,110,74,109,84,0
207,page-207.png,259104,2de0bdc67eab6b0bcacbd4f2b215836ea66ae14c4a3fbe238a005158321d1337,935,1210,109,74,109,84,0
208,page-208.png,219373,a94122bba8a24c730500a5fb0e068f75db7389fbaf2904df9eee41b525fe01a2,935,1210,109,74,110,84,0
209,page-209.png,225471,60502aa1ec3dd8095e7e78f5e93bdf5842c39c162fbdc7ffea658ffdb85a1b60,935,1210,110,74,109,84,0
210,page-210.png,218259,98c82c3056cda3f2eb766cc0b7b83e216b33867e61d0c44adf518dd89e28907e,935,1210,109,74,110,84,0
211,page-211.png,191961,420dbf5724df6700e5eafa7b0f0bf9629338985f10bb6f70a9dd64ee40f0800e,935,1210,110,74,109,84,0
212,page-212.png,210893,76511f29971cc964259385789e46b53630ba6f5392b9a1216fe489a09426540e,935,1210,109,74,109,63,0
213,page-213.png,117949,b9d97b360f19c4fbe5a9fa68d3b35172c492dd24971015b1cbc4e6597782699a,935,1210,110,74,109,84,0
214,page-214.png,122273,85eb9f29a604e1c7ad3d651a3f6afd0b0021a48f8be128adcb943c4335e235c4,935,1210,110,74,110,83,0
215,page-215.png,117898,75d2cb53d5a7017916c70e2a8276052af11689a5d2cafe89fc5e0a7afe776da6,935,1210,110,74,110,84,0
216,page-216.png,84190,32789e5109ca9f78140b3227992a74316a756eb7f0becd42528342e80a273082,935,1210,110,74,110,499,0
217,page-217.png,342570,9c2bde094133f82456c9dda1cc4cc8cc0b99af22c30f2f00a7682627f152c053,935,1210,110,225,109,60,0
218,page-218.png,221983,aec271fe720e061a51dea883d1518d9264070542682fb50f0ed40aef1365ab52,935,1210,110,74,110,585,0
219,page-219.png,281244,fa51f8b80586cdd412a8502b10c8a2d9df586251a5e84363ef5c463520d6bd67,935,1210,109,225,110,60,0
220,page-220.png,244195,29f42c7fa5d7ef7b95d5a0cb2eee3c2af4a9a0ba646f55d311600dd165c3887b,935,1210,109,74,132,85,0
221,page-221.png,214044,1fffd9ee349af8bee428420849cee5c6e210f291eb20b6902f1cfba1f879495e,935,1210,110,74,110,85,0
222,page-222.png,233121,c1f58b60fd5df4223fa077f5e065c310732ba2bdf157340991d813cd3f845562,935,1210,110,74,113,84,0
223,page-223.png,218976,e03502732d694ad4216a8598ac14a78ecf2f588fee3c344fda4c8e5926f16e3d,935,1210,110,74,111,85,0
224,page-224.png,209401,e1185023f5200cbfae927df00471f7ddcf0794a48ffb438937a4e697166495b0,935,1210,110,74,130,85,0
225,page-225.png,202427,cdf27de9b3cdd81b68f975da96d9749a4b0365bf0f4b6f3d69f038d0142daac7,935,1210,110,74,110,85,0
226,page-226.png,192355,9538133031f0abce049d0f5a6fef4c5400b3864e030e61178dd9604295a4815c,935,1210,110,74,182,85,0
227,page-227.png,210831,21e79af1394d939dac07c2c31bbfe41e9f5d86ff9c72255999f9756689012b84,935,1210,109,74,110,85,0
228,page-228.png,188202,7e95b1c25155b82289d780f309509c5763d0d6e935dc08458784b93d683435de,935,1210,110,74,248,85,0
229,page-229.png,229100,42574e4f12dd853f8a8c76a653e67313a731f13d61a23c7eaa632cbd2a50755a,935,1210,110,74,110,85,0
230,page-230.png,217493,d0b3e46cf30f1f0ea3c00f2011c2c16c2b49d71e6d0200f99f1b720030d1ade9,935,1210,110,74,161,85,0
231,page-231.png,209324,bf7142cbbf61ec49da4ceb6a746ee5c45e502c0e25ab366568d8d2e046f4e188,935,1210,110,74,110,85,0
232,page-232.png,203336,373cc942a2e1224b3bc5f4cd5c87907e9e592b5eee6a15b8015e50781a442b4c,935,1210,109,74,187,85,0
233,page-233.png,220417,d4278567ccc8e19e8ab7ac29597ad73f6a07c15084e2ec9668aac36d32df6852,935,1210,110,74,111,85,0
234,page-234.png,198988,178323ac6a2f0037a0bf02e63bc8732b91387547367645b39b4dcc03cecbcdb1,935,1210,110,74,148,85,0
235,page-235.png,206487,75944a8f167a2a4117608cd7c5725db6703a344cff97a276a0d3c521440ae641,935,1210,110,74,110,85,0
236,page-236.png,239529,fbd4b4c6eacea1007f6e498bb0ee10192dcaf085cbc4a0055131529ef1361df7,935,1210,110,74,123,84,0
237,page-237.png,190029,20c37f0f3c05a8b7a6fc35a1d084a2a55c78e25671e46b87103374034962cb88,935,1210,110,74,110,85,0
238,page-238.png,163181,38b41c05948dac245f917d972d8a76ff577e6a0e6e0731637c722f5aaae1de51,935,1210,109,74,147,85,0
