public_path,role,source_path,bytes,sha256
.nojekyll,routing,pages/.nojekyll,49,057cdc9f3a5e0748a8584fba9de2ddfedecca23225f09e1e65aee7db14906432
PAGES_DEPLOYMENT_METADATA.json,deployment_metadata,pages/PAGES_DEPLOYMENT_METADATA.json,1858,ef57d82ac5c4e87c5f50cb37ab0feb151a4f04821ac1349d26d487fecdeb68e8
companion/index.html,routing,pages/companion/index.html,1905,b0e8dda97bd9273b2ec102047ef44f5571320ed41c4e13272b961e922bd3fe53
index.html,routing,pages/index.html,2245,5fbed0a807a183f0ee2fc1b2d3384b1f407b805882520690729eb067d0da90ec
output/html-companion/COMPANION_ROUTES.jsonl,companion_reader,output/html-companion/COMPANION_ROUTES.jsonl,69834,4a95bfba3957dc2d0fc73dc1a1ae4c47848e197a61a9d71365fd51d312388ee1
output/html-companion/MANIFEST.csv,companion_reader_manifest,output/html-companion/MANIFEST.csv,1745,8a5032c7555dc3f203546de9c3ecdbe91f0e12e6948b607ed18302eaed00b98a
output/html-companion/assets/companion.css,companion_reader,output/html-companion/assets/companion.css,3425,754fc0ca8a2c1e0f15fc46668442a0b1b33c5cfea003cbc0d28ebb5242549ce1
output/html-companion/assets/reader.css,companion_reader,output/html-companion/assets/reader.css,10166,131032426655a4204bdde64d7451b4b85e257757ecaaba00e9ce7692d3dff69c
output/html-companion/hasil-kerja-pembaca/index.html,companion_reader,output/html-companion/hasil-kerja-pembaca/index.html,225121,f0092bd42f4589dab15d2b8eb49777b364c4c26a191c143bc4870ad8869784cf
output/html-companion/index.html,companion_reader,output/html-companion/index.html,6335,6aa8e4d0421943c5a80a15f1d9869645b53fc0cd84a0ad42f18e114b111146d3
output/html-companion/jembatan-spektral-kompak-svd/index.html,companion_reader,output/html-companion/jembatan-spektral-kompak-svd/index.html,118165,eb953b7e565a64792c55435f4f86afc2298c3be3cab2735affcf0724c8d21ed0
output/html-companion/solusi-bab-01/index.html,companion_reader,output/html-companion/solusi-bab-01/index.html,127902,d42b4c036044f9a2539e74ae25a47f46ee32ef8d9f07e0aac346309f4d52ebb5
output/html-companion/solusi-bab-03/index.html,companion_reader,output/html-companion/solusi-bab-03/index.html,142589,bcdb15607135c8a1360b76e92cbe58e7f30c2b49fe78187e7c7f5c1d34904e59
output/html-companion/solusi-bab-04/index.html,companion_reader,output/html-companion/solusi-bab-04/index.html,158483,80b8ca0e205153861bb16890d79c41617709eae6f303b40a90b0ab73cc64bab4
output/html-companion/solusi-bab-05/index.html,companion_reader,output/html-companion/solusi-bab-05/index.html,84400,a016b7b6705ae7b5985cf337dd1d85b4a816686b1b368c1127750d451f0353a9
output/html-companion/solusi-bab-06/index.html,companion_reader,output/html-companion/solusi-bab-06/index.html,104286,c2f69e0569e5396d527a29679cee09918de577d6994b2bef4c38b662e4958017
output/html-companion/solusi-bab-07/index.html,companion_reader,output/html-companion/solusi-bab-07/index.html,22832,69b5927c8e31254f19e294e1f13ecedb1f69b81478b9875f6331acd800e0d241
output/html-companion/solusi-bab-08/index.html,companion_reader,output/html-companion/solusi-bab-08/index.html,59436,4d261c6aa1e2ec2c93546ea1c79649e717e65483fcaaec62f32a403d64263545
output/html-companion/solusi-bab-09/index.html,companion_reader,output/html-companion/solusi-bab-09/index.html,16831,37a5c0e6d413f1964f5f9be625dfcc8443d4626f9fd118516bdfce64a2b5841c
output/html-companion/solusi-bab-10/index.html,companion_reader,output/html-companion/solusi-bab-10/index.html,134859,d095ed199f90166b09a6391083fb6ac5d887723e0f3120943554987f591623b3
output/html-companion/solusi-bab-13/index.html,companion_reader,output/html-companion/solusi-bab-13/index.html,20077,08170c80d6cd8411439e8322f9a15593a281d23169296bdf6a6b914e35be454a
output/html-companion/solusi-bab-14/index.html,companion_reader,output/html-companion/solusi-bab-14/index.html,33320,1b7c1e903086cb69c45b574eb29b937d6b9eab82f94dcf3f4bb4580e2922e288
output/html-companion/solusi-bab-17/index.html,companion_reader,output/html-companion/solusi-bab-17/index.html,13669,7d36761e9e0d6e4f44a8873b6394a43409cd3a86d17a88ec381a9e05958254a9
output/html/MANIFEST.csv,source_reader_manifest,output/html/MANIFEST.csv,11617,9c9d6805ed42e7a2e1985b5ac3dec0c36fc5c6936c9f8899b01a889bb3dfdc5a
output/html/assets/diagrams/FAOA-2015-DIAGRAM-CH01-001.svg,source_reader,output/html/assets/diagrams/FAOA-2015-DIAGRAM-CH01-001.svg,9440,e5ed0bcbf5df0c1d7d18fa5f71992006c91074228e54c17b7e1bbef5fe82b1fe
output/html/assets/diagrams/FAOA-2015-DIAGRAM-CH03-001.svg,source_reader,output/html/assets/diagrams/FAOA-2015-DIAGRAM-CH03-001.svg,13488,65ec59e0ad78c8433b8b869813bbb56ce0c0500dd38b0c4d055dfc3a12f18e75
output/html/assets/diagrams/FAOA-2015-DIAGRAM-CH03-002.svg,source_reader,output/html/assets/diagrams/FAOA-2015-DIAGRAM-CH03-002.svg,13515,d8ee405aa7481cc599c83e23b5ef62781d84ec9093cb117ca13343030e01f992
output/html/assets/diagrams/FAOA-2015-DIAGRAM-CH04-001.svg,source_reader,output/html/assets/diagrams/FAOA-2015-DIAGRAM-CH04-001.svg,47539,41b8389b8843b73980b5f4022841cd4e425cba1f2a13905e150aac8b42a250e1
output/html/assets/diagrams/FAOA-2015-DIAGRAM-CH04-002.svg,source_reader,output/html/assets/diagrams/FAOA-2015-DIAGRAM-CH04-002.svg,17379,31b8461e74d3ce8059e65d9f37cee5d06ec710417c1d4d804bff12a37a5327a5
output/html/assets/diagrams/FAOA-2015-DIAGRAM-CH04-003.svg,source_reader,output/html/assets/diagrams/FAOA-2015-DIAGRAM-CH04-003.svg,15277,bb515d2f9586ca89ab59d9aee9ce264a89e887ef97be77e07a705069704be661
output/html/assets/diagrams/FAOA-2015-DIAGRAM-CH04-004.svg,source_reader,output/html/assets/diagrams/FAOA-2015-DIAGRAM-CH04-004.svg,13387,3b97d4329fbecb610154e11f6a5ecfa7b0191e294024c9097cdc62469f4a8df7
output/html/assets/diagrams/FAOA-2015-DIAGRAM-CH04-005.svg,source_reader,output/html/assets/diagrams/FAOA-2015-DIAGRAM-CH04-005.svg,14407,6bc43ab8b4ecf5c2320d12492d714babb4e0d34695e391e901dbc129afcc454f
output/html/assets/diagrams/FAOA-2015-DIAGRAM-CH04-006.svg,source_reader,output/html/assets/diagrams/FAOA-2015-DIAGRAM-CH04-006.svg,14576,f4715d11f6ddeb0135de7fb432efce2e304050ecfbd62bf9a2088463593fcde0
output/html/assets/diagrams/FAOA-2015-DIAGRAM-CH04-007.svg,source_reader,output/html/assets/diagrams/FAOA-2015-DIAGRAM-CH04-007.svg,18928,02484086deab46a6ca873277439ff81105cf6a15a803fd400a70ac653adcad6b
output/html/assets/diagrams/FAOA-2015-DIAGRAM-CH04-008.svg,source_reader,output/html/assets/diagrams/FAOA-2015-DIAGRAM-CH04-008.svg,17807,b6c9ecdc92c2da69049812528c6f2471439ab7245119476eed44d2b29511eceb
output/html/assets/diagrams/FAOA-2015-DIAGRAM-CH04-009.svg,source_reader,output/html/assets/diagrams/FAOA-2015-DIAGRAM-CH04-009.svg,17371,990796d23ce37a651f3fce06242214da3eca6d877b15348d038acd0d90a52823
output/html/assets/diagrams/FAOA-2015-DIAGRAM-CH04-010.svg,source_reader,output/html/assets/diagrams/FAOA-2015-DIAGRAM-CH04-010.svg,19025,a35a5b615deabd8b1869ed14e7400e07a8a351af439766960d4ce52709102ac9
output/html/assets/diagrams/FAOA-2015-DIAGRAM-CH04-011.svg,source_reader,output/html/assets/diagrams/FAOA-2015-DIAGRAM-CH04-011.svg,12835,f8d531b37da900aedfc2844d2212230786eec5b1fae2b1b57e674cee26647a35
output/html/assets/diagrams/FAOA-2015-DIAGRAM-CH06-001.svg,source_reader,output/html/assets/diagrams/FAOA-2015-DIAGRAM-CH06-001.svg,17608,ff3f0b3913bc490a2ce5b7dac55e2dbeb672131a5201799577c3acf766aa9a72
output/html/assets/diagrams/FAOA-2015-DIAGRAM-CH06-002.svg,source_reader,output/html/assets/diagrams/FAOA-2015-DIAGRAM-CH06-002.svg,11708,deea42529d27f9d3ee7d644dabcc16b35696acf9e7d48863aa950bd5e34e61f5
output/html/assets/diagrams/FAOA-2015-DIAGRAM-CH06-003.svg,source_reader,output/html/assets/diagrams/FAOA-2015-DIAGRAM-CH06-003.svg,22825,5bcdc37d3b8cdd115190f656e224dbaf60dd0efaad9443b2867d6efd5ec82216
output/html/assets/diagrams/FAOA-2015-DIAGRAM-CH06-004.svg,source_reader,output/html/assets/diagrams/FAOA-2015-DIAGRAM-CH06-004.svg,11262,65848998f3b982e8d3cbac67e023b8965433d63e91b0f3365a5f6c720778c188
output/html/assets/diagrams/FAOA-2015-DIAGRAM-CH06-005.svg,source_reader,output/html/assets/diagrams/FAOA-2015-DIAGRAM-CH06-005.svg,11446,641cf2cbc9c4391e2b68294348cdcb2ce6e4851cad6357436a2ff9deeeeceaf5
output/html/assets/diagrams/FAOA-2015-DIAGRAM-CH06-006.svg,source_reader,output/html/assets/diagrams/FAOA-2015-DIAGRAM-CH06-006.svg,17943,f2797bcf23692a212d680b38e8e8a0f1b4b0fb33bc614609764d56251ef8a415
output/html/assets/diagrams/FAOA-2015-DIAGRAM-CH06-007.svg,source_reader,output/html/assets/diagrams/FAOA-2015-DIAGRAM-CH06-007.svg,17622,31315b6885ad7ca20826753f0c123d91e380d6cb5ddfc16450c16bfa655f32bf
output/html/assets/diagrams/FAOA-2015-DIAGRAM-CH06-008.svg,source_reader,output/html/assets/diagrams/FAOA-2015-DIAGRAM-CH06-008.svg,25705,e6f643027ee21890a801a69029bf9f0d110b850d3fc8d5514bc29703f14eeec2
output/html/assets/diagrams/FAOA-2015-DIAGRAM-CH06-009.svg,source_reader,output/html/assets/diagrams/FAOA-2015-DIAGRAM-CH06-009.svg,8327,65561aaa53d8f4f5369f841e289eb973fc0c6d5659f1475b9b7db6f404f7d1f0
output/html/assets/diagrams/FAOA-2015-DIAGRAM-CH06-010.svg,source_reader,output/html/assets/diagrams/FAOA-2015-DIAGRAM-CH06-010.svg,10883,43b9e7ce316c13fc78418d5a8235ee5e507ee77bc24708a3bd75135ae56b2c79
output/html/assets/diagrams/FAOA-2015-DIAGRAM-CH06-011.svg,source_reader,output/html/assets/diagrams/FAOA-2015-DIAGRAM-CH06-011.svg,18742,110ad006ca838ee40161d658769e35632193abc7c195a64f7a6da9ede42edbc8
output/html/assets/diagrams/FAOA-2015-DIAGRAM-CH06-012.svg,source_reader,output/html/assets/diagrams/FAOA-2015-DIAGRAM-CH06-012.svg,11412,592729f1cce01c65afbf5842eee91511fa1ca340b6e1a9ef0ddbeb1a2a9513c1
output/html/assets/diagrams/FAOA-2015-DIAGRAM-CH06-013.svg,source_reader,output/html/assets/diagrams/FAOA-2015-DIAGRAM-CH06-013.svg,14047,ff499c2edf2ebb89e29a5f90bea0990e553d29bd36fceab08b110355506aad8f
output/html/assets/diagrams/FAOA-2015-DIAGRAM-CH06-014.svg,source_reader,output/html/assets/diagrams/FAOA-2015-DIAGRAM-CH06-014.svg,14097,eb0b41d365e62db8d99b44a1677b0a07af58d20b324cda957770f9e44dcdade5
output/html/assets/diagrams/FAOA-2015-DIAGRAM-CH06-015.svg,source_reader,output/html/assets/diagrams/FAOA-2015-DIAGRAM-CH06-015.svg,9834,24cd8ea6ef20b619ac0f3d9e3cdcc69a613c99033b6e36018f61f94f1ee916fa
output/html/assets/diagrams/FAOA-2015-DIAGRAM-CH06-016.svg,source_reader,output/html/assets/diagrams/FAOA-2015-DIAGRAM-CH06-016.svg,22091,0d1133e786c42875787925556893485c58e246df4785e37ddab26b892f5d9edf
output/html/assets/diagrams/FAOA-2015-DIAGRAM-CH06-017.svg,source_reader,output/html/assets/diagrams/FAOA-2015-DIAGRAM-CH06-017.svg,9599,35f803d1fcd395c2f19bec39da50b07f0f8b768db5e49558b1cd3fed614091a8
output/html/assets/diagrams/FAOA-2015-DIAGRAM-CH06-018.svg,source_reader,output/html/assets/diagrams/FAOA-2015-DIAGRAM-CH06-018.svg,9981,60ffcc386d887e0fb1e77d81946cc20cba537663aacf2d0eb622b5e2beec4b3a
output/html/assets/diagrams/FAOA-2015-DIAGRAM-CH06-019.svg,source_reader,output/html/assets/diagrams/FAOA-2015-DIAGRAM-CH06-019.svg,17859,410e7d4ad379770e5e3dc682ae79d8180dca913106772ff2f2c5c707c0a816a2
output/html/assets/diagrams/FAOA-2015-DIAGRAM-CH06-020.svg,source_reader,output/html/assets/diagrams/FAOA-2015-DIAGRAM-CH06-020.svg,16136,8f659d1ebd757a7e4d1196b710390c5e77a6997621232be82edd27221a1628fb
output/html/assets/diagrams/FAOA-2015-DIAGRAM-CH06-021.svg,source_reader,output/html/assets/diagrams/FAOA-2015-DIAGRAM-CH06-021.svg,12162,95f6cf023b61fcceeb642fb841b59e4c20bb741c548f3eaa335099b4003a3290
output/html/assets/diagrams/FAOA-2015-DIAGRAM-CH06-022.svg,source_reader,output/html/assets/diagrams/FAOA-2015-DIAGRAM-CH06-022.svg,18316,728ff5e4c69996891cd4f32f3016fca865cf6e435888049b302a0a677cfad8c6
output/html/assets/diagrams/FAOA-2015-DIAGRAM-CH10-001.svg,source_reader,output/html/assets/diagrams/FAOA-2015-DIAGRAM-CH10-001.svg,33990,b9f029988f394ede3f0bd0050be9218737e862c9ba5638d470cf77d8669ae93f
output/html/assets/diagrams/FAOA-2015-DIAGRAM-CH11-001.svg,source_reader,output/html/assets/diagrams/FAOA-2015-DIAGRAM-CH11-001.svg,17034,ab1546f637b5a493ec774677e6af2144a7f7fb695942b847339b73cd7f927cc6
output/html/assets/diagrams/FAOA-2015-DIAGRAM-CH12-001.svg,source_reader,output/html/assets/diagrams/FAOA-2015-DIAGRAM-CH12-001.svg,10777,a742ba5c57df6d1c5381917e2248663b776dd43537eec1eb8d13564e90e10988
output/html/assets/diagrams/FAOA-2015-DIAGRAM-CH12-002.svg,source_reader,output/html/assets/diagrams/FAOA-2015-DIAGRAM-CH12-002.svg,11640,44fbe98f9ddaaa49ce882ef6c4cb18065f9ce04d7ff1b1174cf576649d685391
output/html/assets/diagrams/FAOA-2015-DIAGRAM-CH12-003.svg,source_reader,output/html/assets/diagrams/FAOA-2015-DIAGRAM-CH12-003.svg,17953,e6ae86de23ba4ad4b8958efd5596801610d5f3cf2caf3f25f382c3b35b1c7a8b
output/html/assets/diagrams/FAOA-2015-DIAGRAM-CH12-004.svg,source_reader,output/html/assets/diagrams/FAOA-2015-DIAGRAM-CH12-004.svg,17627,b819e956b6040c0b8384514f82a4e79c3f530d74c51bb8ad793a41b1572edb5c
output/html/assets/diagrams/FAOA-2015-DIAGRAM-CH12-005.svg,source_reader,output/html/assets/diagrams/FAOA-2015-DIAGRAM-CH12-005.svg,9574,2bbd9a45c6586702292d98fb9280a08b8342769a6fce7c2f1cbff4939fe15065
output/html/assets/diagrams/FAOA-2015-DIAGRAM-CH12-006.svg,source_reader,output/html/assets/diagrams/FAOA-2015-DIAGRAM-CH12-006.svg,11042,4716bb3662e6468092dcd67dc908bc68481bb5c36b588a81cf903d82daf925ee
output/html/assets/diagrams/FAOA-2015-DIAGRAM-CH12-007.svg,source_reader,output/html/assets/diagrams/FAOA-2015-DIAGRAM-CH12-007.svg,9659,52935885e9b31d45a495e77afc2a6384595c8f32ba25635eb3d9e3e37f8cb459
output/html/assets/diagrams/FAOA-2015-DIAGRAM-CH12-008.svg,source_reader,output/html/assets/diagrams/FAOA-2015-DIAGRAM-CH12-008.svg,11506,f62ad26b232082ef7b1feedbef5c0b73c52aaaed57d409a372c39cd6e0dceedf
output/html/assets/diagrams/FAOA-2015-DIAGRAM-CH12-009.svg,source_reader,output/html/assets/diagrams/FAOA-2015-DIAGRAM-CH12-009.svg,12497,965e9c3e3f78ec4ecd9a8d97996a7d3701512bdc6791da80324c6c320f687a78
output/html/assets/diagrams/FAOA-2015-DIAGRAM-CH12-010.svg,source_reader,output/html/assets/diagrams/FAOA-2015-DIAGRAM-CH12-010.svg,8116,337acf04a95d286b615038824f0acc9e13f0e3544edef7aacf586a2c1e044506
output/html/assets/diagrams/FAOA-2015-DIAGRAM-CH12-011.svg,source_reader,output/html/assets/diagrams/FAOA-2015-DIAGRAM-CH12-011.svg,11163,143915d00732233696166b714f58924f3b62014cc56837646d11aa8a1b1d42b1
output/html/assets/diagrams/FAOA-2015-DIAGRAM-CH12-012.svg,source_reader,output/html/assets/diagrams/FAOA-2015-DIAGRAM-CH12-012.svg,8326,0f47df0cb39ece8ad1b4ed1be1c8899dc2602dcb639f4675d3eca35afbcf5b01
output/html/assets/diagrams/FAOA-2015-DIAGRAM-CH12-013.svg,source_reader,output/html/assets/diagrams/FAOA-2015-DIAGRAM-CH12-013.svg,20441,3fdd89a5e5cef59ba565ae2788303ffae46702d3f7cc1960290de4c6b0be1087
output/html/assets/diagrams/FAOA-2015-DIAGRAM-CH12-014.svg,source_reader,output/html/assets/diagrams/FAOA-2015-DIAGRAM-CH12-014.svg,11736,3570802d55d2faeb7c7971c5048bf33165e5924aad6c0c6c761868a5b1256709
output/html/assets/diagrams/FAOA-2015-DIAGRAM-CH16-001.svg,source_reader,output/html/assets/diagrams/FAOA-2015-DIAGRAM-CH16-001.svg,18993,3ec0953755ed5ed288e9b0db0c41d0c5957f6d5a8eb94b7d7ff43873a7387bc6
output/html/assets/diagrams/FAOA-2015-DIAGRAM-CH16-002.svg,source_reader,output/html/assets/diagrams/FAOA-2015-DIAGRAM-CH16-002.svg,18152,f66d18759a35d7344a81b8715d4dc48438ce79eee8284f17f53e7850b9fe5476
output/html/assets/diagrams/FAOA-2015-DIAGRAM-CH16-003.svg,source_reader,output/html/assets/diagrams/FAOA-2015-DIAGRAM-CH16-003.svg,12109,9768a2ac327368892bc28b62693c9181e4ba0969fc6c0aa063c6970c4d9981b7
output/html/assets/diagrams/FAOA-2015-DIAGRAM-CH16-004.svg,source_reader,output/html/assets/diagrams/FAOA-2015-DIAGRAM-CH16-004.svg,12029,802114b80f1c4015830e6f0c56bd57d2589d59e67d3ad54537826fc4080e6c62
output/html/assets/diagrams/FAOA-2015-DIAGRAM-CH16-005.svg,source_reader,output/html/assets/diagrams/FAOA-2015-DIAGRAM-CH16-005.svg,23643,f20bb22843fe4c0f21068059ba51098a7b9f39dcee55cb12e0dc9f8a0e9e4abb
output/html/assets/diagrams/FAOA-2015-DIAGRAM-CH16-006.svg,source_reader,output/html/assets/diagrams/FAOA-2015-DIAGRAM-CH16-006.svg,23065,44bfd38976a8c65eab1124e7e2ca5d8d7fd2b2d4ab16e31287b81708b5143101
output/html/assets/diagrams/FAOA-2015-DIAGRAM-CH16-007.svg,source_reader,output/html/assets/diagrams/FAOA-2015-DIAGRAM-CH16-007.svg,17532,544f5a38666a026b5ad95f47b9fd542cacdce084339f78ab1d868d5171bb8b37
output/html/assets/diagrams/FAOA-2015-DIAGRAM-CH16-008.svg,source_reader,output/html/assets/diagrams/FAOA-2015-DIAGRAM-CH16-008.svg,15812,9a6a0751d150efd4cdbfa67004b616ceb3d4e43aad1791ce6e7ce876c4942057
output/html/assets/diagrams/FAOA-2015-DIAGRAM-CH16-009.svg,source_reader,output/html/assets/diagrams/FAOA-2015-DIAGRAM-CH16-009.svg,10614,0b1416438ba2cc873a957436874922dd4a705efad0d0492a2c5654568359f94c
output/html/assets/diagrams/FAOA-2015-DIAGRAM-CH17-001.svg,source_reader,output/html/assets/diagrams/FAOA-2015-DIAGRAM-CH17-001.svg,18612,ee5e7ecb62ca6ff357fbc9e3145d1a9b66ff454f7d45247052ab10a7d8fe0997
output/html/assets/diagrams/FAOA-2015-DIAGRAM-CH17-002.svg,source_reader,output/html/assets/diagrams/FAOA-2015-DIAGRAM-CH17-002.svg,17716,48df5c8e08c5de679d4cd7ec92e6803ac97876e90a4d6c4612cd0a92e9850233
output/html/assets/diagrams/FAOA-2015-DIAGRAM-CH17-003.svg,source_reader,output/html/assets/diagrams/FAOA-2015-DIAGRAM-CH17-003.svg,18801,710c76d08203e0fe76d74da077e9fb3296af71e28cc4c4e0ff1d41e4bb2acc82
output/html/assets/diagrams/FAOA-2015-DIAGRAM-CH17-004.svg,source_reader,output/html/assets/diagrams/FAOA-2015-DIAGRAM-CH17-004.svg,19518,54752e2abb9c45fd0dd6c63273225432ca31ba43abb3dbd85cc2894f2f878c22
output/html/assets/diagrams/FAOA-2015-DIAGRAM-CH17-005.svg,source_reader,output/html/assets/diagrams/FAOA-2015-DIAGRAM-CH17-005.svg,19314,b23390aaee9fe681a7034ce50291b13ae5facdf3212ac9696378f961e79886ba
output/html/assets/diagrams/FAOA-2015-DIAGRAM-CH17-006.svg,source_reader,output/html/assets/diagrams/FAOA-2015-DIAGRAM-CH17-006.svg,27899,d8c6ccf1f75e0af210e3053a71df7ca71e601c9e46334c888f291121931f0b01
output/html/assets/diagrams/FAOA-2015-DIAGRAM-CH17-007.svg,source_reader,output/html/assets/diagrams/FAOA-2015-DIAGRAM-CH17-007.svg,33822,3945e23ba997a0cfa7fef3d6c763621c928bff316a83651c92da792f22fe73d0
output/html/assets/diagrams/FAOA-2015-DIAGRAM-CH17-008.svg,source_reader,output/html/assets/diagrams/FAOA-2015-DIAGRAM-CH17-008.svg,13073,f1ce9c1481c93fe0ce66328d913f843349f1a7777c240c2ffaba060b37ba9d2f
output/html/assets/diagrams/FAOA-2015-DIAGRAM-CH17-009.svg,source_reader,output/html/assets/diagrams/FAOA-2015-DIAGRAM-CH17-009.svg,11737,d9e73c72415e72738fccfca9e8bcf67ec11c605cb0f4ad4223b7813118f0e657
output/html/assets/diagrams/FAOA-2015-DIAGRAM-CH17-010.svg,source_reader,output/html/assets/diagrams/FAOA-2015-DIAGRAM-CH17-010.svg,17226,bfe9d735ff62b7a504a8fe3ad5215365773ed3b7df12d60ec3ca0503f297ecd0
output/html/assets/diagrams/FAOA-2015-DIAGRAM-CH17-011.svg,source_reader,output/html/assets/diagrams/FAOA-2015-DIAGRAM-CH17-011.svg,14323,3917db62ae5dba575e9ec34cc8c1c2e2022a8fdcd7f486f479fb6036ff658bb3
output/html/assets/diagrams/FAOA-2015-DIAGRAM-CH17-012.svg,source_reader,output/html/assets/diagrams/FAOA-2015-DIAGRAM-CH17-012.svg,16844,0646591308c8939a12b0cafe7a0f662ab5ae1baff3920cc5ba369d3e84fa7d69
output/html/assets/diagrams/FAOA-2015-DIAGRAM-CH17-013.svg,source_reader,output/html/assets/diagrams/FAOA-2015-DIAGRAM-CH17-013.svg,9475,92547fc9c1003889855e86563048cf4abc6376e24327d1d4abb98f4660b35376
output/html/assets/diagrams/FAOA-2015-DIAGRAM-CH17-014.svg,source_reader,output/html/assets/diagrams/FAOA-2015-DIAGRAM-CH17-014.svg,24980,3d17c06e7f96d77bda27de9dba4ba4c30d382387929e7e81522b065707f82ba5
output/html/assets/diagrams/FAOA-2015-DIAGRAM-CH17-015.svg,source_reader,output/html/assets/diagrams/FAOA-2015-DIAGRAM-CH17-015.svg,24109,6f2c6ac06c8ea681a73fcfa87d8d82fa1e5bc8fda8ab66d06e232a5025651b50
output/html/assets/diagrams/FAOA-2015-DIAGRAM-CH17-016.svg,source_reader,output/html/assets/diagrams/FAOA-2015-DIAGRAM-CH17-016.svg,12869,e2e1225e7390eaede24a2ae086fae219a6999737281041793ae5f68c2c984acd
output/html/assets/diagrams/FAOA-2015-DIAGRAM-CH17-017.svg,source_reader,output/html/assets/diagrams/FAOA-2015-DIAGRAM-CH17-017.svg,22476,746c776c21bd982922d22166c89969c615047acfb196e59658e5f363d6b00ee5
output/html/assets/diagrams/FAOA-2015-DIAGRAM-PREFACE-001.svg,source_reader,output/html/assets/diagrams/FAOA-2015-DIAGRAM-PREFACE-001.svg,15409,4d385282fb1267f4d0d5cffd1a644db1f495c6fdc752471a52d9f297a7df55e5
output/html/assets/diagrams/FAOA-2015-DIAGRAM-PREFACE-002.svg,source_reader,output/html/assets/diagrams/FAOA-2015-DIAGRAM-PREFACE-002.svg,13954,479fa5de640cd292e91ad0ab48a413eb4d96b4f952451d95b62e10daf8dfde76
output/html/assets/reader.css,source_reader,output/html/assets/reader.css,10166,131032426655a4204bdde64d7451b4b85e257757ecaaba00e9ce7692d3dff69c
output/html/bab-01/index.html,source_reader,output/html/bab-01/index.html,376321,a767be55f86b3b047899845986a98fe557b7872536189a5839dadcd4fd521040
output/html/bab-02/index.html,source_reader,output/html/bab-02/index.html,150053,5e3906f2ca76c248f9ab9633d8e294ddd8cab1b5b4d90afdb9cf543219265b2a
output/html/bab-03/index.html,source_reader,output/html/bab-03/index.html,544003,6b43b9e16cb5df543e19c738fe6ce0fd558b3bb7c6324b171a04d0f287e4dd5b
output/html/bab-04/index.html,source_reader,output/html/bab-04/index.html,382724,51cff7f87bab8b14d138c8ed56a00cb6ac931bc39b07b5e01786831bffced7eb
output/html/bab-05/index.html,source_reader,output/html/bab-05/index.html,330670,cf3b706e1e473ee3a0472c1a8290f4aae1692ef3c74e0fe78492e91eba970272
output/html/bab-06/index.html,source_reader,output/html/bab-06/index.html,523585,b4e74cce87fa7de125ed2eb1b7d1cc7c061f3376d17a531f2e57f06836ddca11
output/html/bab-07/index.html,source_reader,output/html/bab-07/index.html,124897,4e47c1db772588aafc5463d98a12d667a06a5664ac580b0b63ad99e772b9a7f6
output/html/bab-08/index.html,source_reader,output/html/bab-08/index.html,184309,c904b3f956790cd84bd2499880a11eeb723b4b08969a537eb170d0f0d53c77bd
output/html/bab-09/index.html,source_reader,output/html/bab-09/index.html,242633,2c24fe822a16c1ea12918e27c8a882f06f0b9d8426608e1b56d06bc7ba1ce221
output/html/bab-10/index.html,source_reader,output/html/bab-10/index.html,289431,b7c9ae2a82854ca5559a9976cdbb26a5787731d2b236c5fc6fadc241099570cb
output/html/bab-11/index.html,source_reader,output/html/bab-11/index.html,251631,6e72d17e156d5086f7429c2f97b57a1e96d6a221889ed53b8125d24b5089d1ca
output/html/bab-12/index.html,source_reader,output/html/bab-12/index.html,383965,524d9dfdcb958906e2140fea4728d0adba54061c64b7fb5ccca262cbafc0528d
output/html/bab-13/index.html,source_reader,output/html/bab-13/index.html,98957,2645d92f723e0a9a4d1652f3124bfc1b03e1cf2438347bf968d0bd77e13bec2f
output/html/bab-14/index.html,source_reader,output/html/bab-14/index.html,225088,caef9e8a079c0964cae716526b77b2fa85b5acff4148cd1d3ba778bbc3ac0636
output/html/bab-15/index.html,source_reader,output/html/bab-15/index.html,107240,5f6ced6a0730583397721bebbbe0580fe61b2151a7f9b69d46cbf9df939297f4
output/html/bab-16/index.html,source_reader,output/html/bab-16/index.html,325593,f751fcc2233ab615a8d260f015625df61302e85420f906cfeacdc5999cf1890a
output/html/bab-17/index.html,source_reader,output/html/bab-17/index.html,494789,e7444747e1f18c5a8511cd6988db1da898936ab8be2a6f6f4015d22037edc85a
output/html/backend/html_routes.jsonl,source_reader,output/html/backend/html_routes.jsonl,852785,36fb1838ae99ad850c8f4832c318d64d87f5aee1eb22415583f4ec8178a7c0f5
output/html/daftar-pustaka/index.html,source_reader,output/html/daftar-pustaka/index.html,13352,5dcbe3493f6a264e39c7dd1595957f1d4e6400d6bbdf1c7c8e5af89718fc6477
output/html/indeks/index.html,source_reader,output/html/indeks/index.html,350054,58b82868efea013191e57f29634f91860a3fee9b2c8ff9949760e6e56c3699c8
output/html/index.html,source_reader,output/html/index.html,6461,b28d20633aa87b281a3de8ea8c3d2b978ff8c3c5e09262a9c742d1e69c6fca42
output/html/prakata/index.html,source_reader,output/html/prakata/index.html,85103,a91eec52b2c573e062eeeec3ee01876d687265cbdefd8f1133bdb90f332bddf6
output/html/tentang/index.html,source_reader,output/html/tentang/index.html,4678,38df3bf6b4d50d36811499cfd392abc6b2ab49c54ff8a9b15e74067149b73f9f
